日付,ライブ名,会場,ライブ情報,表示名
2026/12/06,緑黄色社会 アリーナツアー2026,横浜アリーナ (神奈川県),https://www.livefans.jp/events/1921167,
2026/12/05,緑黄色社会 アリーナツアー2026,横浜アリーナ (神奈川県),https://www.livefans.jp/events/1921166,
2026/11/14,緑黄色社会 アリーナツアー2026,IGアリーナ (愛知県),https://www.livefans.jp/events/1921165,
2026/11/13,緑黄色社会 アリーナツアー2026,IGアリーナ (愛知県),https://www.livefans.jp/events/1921164,
2026/10/24,緑黄色社会 アリーナツアー2026,大阪城ホール (大阪府),https://www.livefans.jp/events/1921163,
2026/10/23,緑黄色社会 アリーナツアー2026,大阪城ホール (大阪府),https://www.livefans.jp/events/1921162,
2026/10/11,緑黄色社会 アリーナツアー2026,マリンメッセ福岡 A館 (福岡県),https://www.livefans.jp/events/1921161,
2026/10/10,緑黄色社会 アリーナツアー2026,マリンメッセ福岡 A館 (福岡県),https://www.livefans.jp/events/1921160,
2026/09/20,緑黄色社会 アリーナツアー2026,LaLa arena TOKYO-BAY (千葉県),https://www.livefans.jp/events/1921158,
2026/09/19,緑黄色社会 アリーナツアー2026,LaLa arena TOKYO-BAY (千葉県),https://www.livefans.jp/events/1921157,
2026/04/26,緑黄色大夜祭2026,Aichi Sky Expo ホールA (愛知県),https://www.livefans.jp/events/1861939,2026/04/26 | 緑黄色大夜祭2026 @ Aichi Sky Expo ホールA (愛知県)
2026/04/25,緑黄色大夜祭2026,Aichi Sky Expo ホールA (愛知県),https://www.livefans.jp/events/1861933,2026/04/25 | 緑黄色大夜祭2026 @ Aichi Sky Expo ホールA (愛知県)
2026/04/16,緑黄色夜祭 vol.13,Zepp Haneda (東京都),https://www.livefans.jp/events/1909537,2026/04/16 | 緑黄色夜祭 vol.13 @ Zepp Haneda (東京都)
2026/04/13,緑黄色夜祭 vol.13,Zepp Osaka Bayside (大阪府),https://www.livefans.jp/events/1909534,2026/04/13 | 緑黄色夜祭 vol.13 @ Zepp Osaka Bayside (大阪府)
2026/04/10,奏でた音の行方 vol.10,オンラインライブ,https://www.livefans.jp/events/1932792,2026/04/10 | 奏でた音の行方 vol.10 @ オンラインライブ
2026/03/29,"緑黄色社会 Fan Club Live ""livestone vol.4""",大分DRUM Be-0 (大分県),https://www.livefans.jp/events/1893890,"2026/03/29 | 緑黄色社会 Fan Club Live ""livestone vol.4"" @ 大分DRUM Be-0 (大分県)"
2026/03/27,"緑黄色社会 Fan Club Live ""livestone vol.4""",出雲APOLLO (島根県),https://www.livefans.jp/events/1893889,"2026/03/27 | 緑黄色社会 Fan Club Live ""livestone vol.4"" @ 出雲APOLLO (島根県)"
2026/03/26,"緑黄色社会 Fan Club Live ""livestone vol.4""",EVENTHALL club-G (岐阜県),https://www.livefans.jp/events/1893887,"2026/03/26 | 緑黄色社会 Fan Club Live ""livestone vol.4"" @ EVENTHALL club-G (岐阜県)"
2026/03/13,"緑黄色社会 Fan Club Live ""livestone vol.4""",NIIGATA LOTS (新潟県),https://www.livefans.jp/events/1893884,"2026/03/13 | 緑黄色社会 Fan Club Live ""livestone vol.4"" @ NIIGATA LOTS (新潟県)"
2026/03/10,"緑黄色社会 Fan Club Live ""livestone vol.4""",Zepp Shinjuku (東京都),https://www.livefans.jp/events/1893882,"2026/03/10 | 緑黄色社会 Fan Club Live ""livestone vol.4"" @ Zepp Shinjuku (東京都)"
2025/12/26,MUSIC STATION SUPER LIVE 2025,幕張メッセ イベントホール (千葉県),https://www.livefans.jp/events/1882966,2025/12/26 | MUSIC STATION SUPER LIVE 2025 @ 幕張メッセ イベントホール (千葉県)
2025/11/14,Ryokuoushoku Shakai ASIA TOUR 2025,Zepp Haneda (東京都),https://www.livefans.jp/events/1828265,2025/11/14 | Ryokuoushoku Shakai ASIA TOUR 2025 @ Zepp Haneda (東京都)
2025/11/09,Ryokuoushoku Shakai ASIA TOUR 2025,The Theatre at Media Corp (シンガポール),https://www.livefans.jp/events/1828264,2025/11/09 | Ryokuoushoku Shakai ASIA TOUR 2025 @ The Theatre at Media Corp (シンガポール)
2025/11/07,Ryokuoushoku Shakai ASIA TOUR 2025,Balai Sarbini (インドネシア),https://www.livefans.jp/events/1828263,2025/11/07 | Ryokuoushoku Shakai ASIA TOUR 2025 @ Balai Sarbini (インドネシア)
2025/10/28,Ryokuoushoku Shakai ASIA TOUR 2025,Kitty Woo Stadium (香港),https://www.livefans.jp/events/1828262,2025/10/28 | Ryokuoushoku Shakai ASIA TOUR 2025 @ Kitty Woo Stadium (香港)
2025/10/26,Ryokuoushoku Shakai ASIA TOUR 2025,Republic of Sound (中国),https://www.livefans.jp/events/1828256,2025/10/26 | Ryokuoushoku Shakai ASIA TOUR 2025 @ Republic of Sound (中国)
2025/10/24,Ryokuoushoku Shakai ASIA TOUR 2025,瓦肆 VAS est (中国),https://www.livefans.jp/events/1828255,2025/10/24 | Ryokuoushoku Shakai ASIA TOUR 2025 @ 瓦肆 VAS est (中国)
2025/10/19,Ryokuoushoku Shakai ASIA TOUR 2025,Zepp New Taipei (台湾),https://www.livefans.jp/events/1828254,2025/10/19 | Ryokuoushoku Shakai ASIA TOUR 2025 @ Zepp New Taipei (台湾)
2025/10/18,Ryokuoushoku Shakai ASIA TOUR 2025,Zepp New Taipei (台湾),https://www.livefans.jp/events/1828253,2025/10/18 | Ryokuoushoku Shakai ASIA TOUR 2025 @ Zepp New Taipei (台湾)
2025/10/12,Ryokuoushoku Shakai ASIA TOUR 2025,YES24 LIVE HALL (韓国),https://www.livefans.jp/events/1828252,2025/10/12 | Ryokuoushoku Shakai ASIA TOUR 2025 @ YES24 LIVE HALL (韓国)
2025/10/11,Ryokuoushoku Shakai ASIA TOUR 2025,YES24 LIVE HALL (韓国),https://www.livefans.jp/events/1828249,2025/10/11 | Ryokuoushoku Shakai ASIA TOUR 2025 @ YES24 LIVE HALL (韓国)
2025/10/07,COSMIC CIRCUS vol.3 PRESENTED BY SPACE SHOWER ENTERTAINMENT PRODUCING,Zepp Haneda (東京都),https://www.livefans.jp/events/1850200,2025/10/07 | COSMIC CIRCUS vol.3 PRESENTED BY SPACE SHOWER ENTERTAINMENT PRODUCING @ Zepp Haneda (東京都)
2025/10/02,Ryokuoushoku Shakai ASIA TOUR 2025,Zepp Osaka Bayside (大阪府),https://www.livefans.jp/events/1828239,2025/10/02 | Ryokuoushoku Shakai ASIA TOUR 2025 @ Zepp Osaka Bayside (大阪府)
2025/09/30,Ryokuoushoku Shakai ASIA TOUR 2025,Zepp Nagoya (愛知県),https://www.livefans.jp/events/1828238,2025/09/30 | Ryokuoushoku Shakai ASIA TOUR 2025 @ Zepp Nagoya (愛知県)
2025/09/15,OSAKA MUSIC LOVER EXPO ARENA 2025,EXPOアリーナ「Matsuri」 (大阪府),https://www.livefans.jp/events/1824947,2025/09/15 | OSAKA MUSIC LOVER EXPO ARENA 2025 @ EXPOアリーナ「Matsuri」 (大阪府)
2025/09/14,ROCK IN JAPAN FESTIVAL 2025,LOTUS STAGE at 千葉市蘇我スポーツ公園 (千葉県),https://www.livefans.jp/events/1812780,2025/09/14 | ROCK IN JAPAN FESTIVAL 2025 @ LOTUS STAGE at 千葉市蘇我スポーツ公園 (千葉県)
2025/09/06,TREASURE05X 2025,MARS STAGE at ラグーナ蒲郡 ラグーナビーチ (愛知県),https://www.livefans.jp/events/1822356,2025/09/06 | TREASURE05X 2025 @ MARS STAGE at ラグーナ蒲郡 ラグーナビーチ (愛知県)
2025/08/15,RISING SUN ROCK FESTIVAL 2025 in EZO,SUN STAGE at 石狩湾新港樽川ふ頭横野外特設ステージ (北海道),https://www.livefans.jp/events/1787278,2025/08/15 | RISING SUN ROCK FESTIVAL 2025 in EZO @ SUN STAGE at 石狩湾新港樽川ふ頭横野外特設ステージ (北海道)
2025/08/10,CANNONBALL,さいたまスーパーアリーナ (埼玉県),https://www.livefans.jp/events/1826458,2025/08/10 | CANNONBALL @ さいたまスーパーアリーナ (埼玉県)
2025/08/03,"緑黄色社会 Fan Club Live ""livestone vol.3""",club GRINDHOUSE (徳島県),https://www.livefans.jp/events/1798413,"2025/08/03 | 緑黄色社会 Fan Club Live ""livestone vol.3"" @ club GRINDHOUSE (徳島県)"
2025/08/01,"緑黄色社会 Fan Club Live ""livestone vol.3""",CRAZYMAMA KINGDOM (岡山県),https://www.livefans.jp/events/1798412,"2025/08/01 | 緑黄色社会 Fan Club Live ""livestone vol.3"" @ CRAZYMAMA KINGDOM (岡山県)"
2025/07/31,"緑黄色社会 Fan Club Live ""livestone vol.3""",Harbor Studio (兵庫県),https://www.livefans.jp/events/1798411,"2025/07/31 | 緑黄色社会 Fan Club Live ""livestone vol.3"" @ Harbor Studio (兵庫県)"
2025/07/27,"緑黄色社会 Fan Club Live ""livestone vol.3""",HEAVEN'S ROCK 宇都宮 VJ-2 (栃木県),https://www.livefans.jp/events/1798410,"2025/07/27 | 緑黄色社会 Fan Club Live ""livestone vol.3"" @ HEAVEN'S ROCK 宇都宮 VJ-2 (栃木県)"
2025/07/26,"緑黄色社会 Fan Club Live ""livestone vol.3""",高崎CLUB JAMMER'S (群馬県),https://www.livefans.jp/events/1798409,"2025/07/26 | 緑黄色社会 Fan Club Live ""livestone vol.3"" @ 高崎CLUB JAMMER'S (群馬県)"
2025/07/20,NUMBER SHOT 2025,山笠 STAGE at NUMBER SHOT2025 会場[みずほPayPayドーム福岡 / シーサイドももち海浜公園地行浜ビーチ] (福岡県),https://www.livefans.jp/events/1821011,2025/07/20 | NUMBER SHOT 2025 @ 山笠 STAGE at NUMBER SHOT2025 会場[みずほPayPayドーム福岡 / シーサイドももち海浜公園地行浜ビーチ] (福岡県)
2025/07/19,OSAKA GIGANTIC MUSIC FESTIVAL 2025,SKY STAGE at 万博記念公園 (大阪府),https://www.livefans.jp/events/1782222,2025/07/19 | OSAKA GIGANTIC MUSIC FESTIVAL 2025 @ SKY STAGE at 万博記念公園 (大阪府)
2025/07/16,"緑黄色社会 Fan Club Live ""livestone vol.3""",福井県県民ホール (福井県),https://www.livefans.jp/events/1798408,"2025/07/16 | 緑黄色社会 Fan Club Live ""livestone vol.3"" @ 福井県県民ホール (福井県)"
2025/07/05,緑黄色社会 Channel Us 2025 at 東京体育館,東京体育館 (東京都),https://www.livefans.jp/events/1771229,2025/07/05 | 緑黄色社会 Channel Us 2025 at 東京体育館 @ 東京体育館 (東京都)
2025/07/04,緑黄色社会 Channel Us 2025 at 東京体育館,東京体育館 (東京都),https://www.livefans.jp/events/1771228,2025/07/04 | 緑黄色社会 Channel Us 2025 at 東京体育館 @ 東京体育館 (東京都)
2025/06/22,緑黄色社会 Channel U tour 2025,あきた芸術劇場ミルハス 大ホール (秋田県),https://www.livefans.jp/events/1729523,2025/06/22 | 緑黄色社会 Channel U tour 2025 @ あきた芸術劇場ミルハス 大ホール (秋田県)
2025/06/20,緑黄色社会 Channel U tour 2025,けんしん郡山文化センター 大ホール (福島県),https://www.livefans.jp/events/1729522,2025/06/20 | 緑黄色社会 Channel U tour 2025 @ けんしん郡山文化センター 大ホール (福島県)
2025/06/14,緑黄色社会 Channel U tour 2025,川商ホール 第1ホール (鹿児島県),https://www.livefans.jp/events/1729521,2025/06/14 | 緑黄色社会 Channel U tour 2025 @ 川商ホール 第1ホール (鹿児島県)
2025/06/13,緑黄色社会 Channel U tour 2025,福岡サンパレス (福岡県),https://www.livefans.jp/events/1729520,2025/06/13 | 緑黄色社会 Channel U tour 2025 @ 福岡サンパレス (福岡県)
2025/06/08,緑黄色社会 Channel U tour 2025,本多の森北電ホール (石川県),https://www.livefans.jp/events/1729519,2025/06/08 | 緑黄色社会 Channel U tour 2025 @ 本多の森北電ホール (石川県)
2025/06/07,緑黄色社会 Channel U tour 2025,ホクト文化ホール (長野県),https://www.livefans.jp/events/1729518,2025/06/07 | 緑黄色社会 Channel U tour 2025 @ ホクト文化ホール (長野県)
2025/06/01,緑黄色社会 Channel U tour 2025,島根県民会館 大ホール (島根県),https://www.livefans.jp/events/1729517,2025/06/01 | 緑黄色社会 Channel U tour 2025 @ 島根県民会館 大ホール (島根県)
2025/05/30,緑黄色社会 Channel U tour 2025,岡山芸術創造劇場ハレノワ 大劇場 (岡山県),https://www.livefans.jp/events/1729516,2025/05/30 | 緑黄色社会 Channel U tour 2025 @ 岡山芸術創造劇場ハレノワ 大劇場 (岡山県)
2025/05/25,緑黄色社会 Channel U tour 2025,レクザムホール 大ホール (香川県),https://www.livefans.jp/events/1729515,2025/05/25 | 緑黄色社会 Channel U tour 2025 @ レクザムホール 大ホール (香川県)
2025/05/24,緑黄色社会 Channel U tour 2025,高知県立県民文化ホール オレンジホール (高知県),https://www.livefans.jp/events/1729514,2025/05/24 | 緑黄色社会 Channel U tour 2025 @ 高知県立県民文化ホール オレンジホール (高知県)
2025/05/21,緑黄色社会 Channel U tour 2025,J:COMホール八王子 (東京都),https://www.livefans.jp/events/1729512,2025/05/21 | 緑黄色社会 Channel U tour 2025 @ J:COMホール八王子 (東京都)
2025/05/14,緑黄色社会 Channel U tour 2025,アクトシティ浜松 (静岡県),https://www.livefans.jp/events/1729510,2025/05/14 | 緑黄色社会 Channel U tour 2025 @ アクトシティ浜松 (静岡県)
2025/05/10,緑黄色社会 Channel U tour 2025,アクリエひめじ 大ホール (兵庫県),https://www.livefans.jp/events/1729508,2025/05/10 | 緑黄色社会 Channel U tour 2025 @ アクリエひめじ 大ホール (兵庫県)
2025/05/08,緑黄色社会 Channel U tour 2025,フェスティバルホール (大阪府),https://www.livefans.jp/events/1729507,2025/05/08 | 緑黄色社会 Channel U tour 2025 @ フェスティバルホール (大阪府)
2025/05/05,緑黄色社会 Channel U tour 2025,高崎芸術劇場 大劇場 (群馬県),https://www.livefans.jp/events/1729506,2025/05/05 | 緑黄色社会 Channel U tour 2025 @ 高崎芸術劇場 大劇場 (群馬県)
2025/05/02,緑黄色社会 Channel U tour 2025,水戸市民会館 大ホール (茨城県),https://www.livefans.jp/events/1729505,2025/05/02 | 緑黄色社会 Channel U tour 2025 @ 水戸市民会館 大ホール (茨城県)
2025/04/28,緑黄色社会 Channel U tour 2025,カナモトホール (北海道),https://www.livefans.jp/events/1729504,2025/04/28 | 緑黄色社会 Channel U tour 2025 @ カナモトホール (北海道)
2025/04/27,緑黄色社会 Channel U tour 2025,函館市民会館 大ホール (北海道),https://www.livefans.jp/events/1729503,2025/04/27 | 緑黄色社会 Channel U tour 2025 @ 函館市民会館 大ホール (北海道)
2025/04/20,緑黄色社会 Channel U tour 2025,仙台サンプラザ ホール (宮城県),https://www.livefans.jp/events/1729497,2025/04/20 | 緑黄色社会 Channel U tour 2025 @ 仙台サンプラザ ホール (宮城県)
2025/04/18,緑黄色社会 Channel U tour 2025,三重県文化会館 大ホール (三重県),https://www.livefans.jp/events/1729496,2025/04/18 | 緑黄色社会 Channel U tour 2025 @ 三重県文化会館 大ホール (三重県)
2025/04/12,緑黄色社会 Channel U tour 2025,和歌山県民文化会館 大ホール (和歌山県),https://www.livefans.jp/events/1729495,2025/04/12 | 緑黄色社会 Channel U tour 2025 @ 和歌山県民文化会館 大ホール (和歌山県)
2025/04/11,緑黄色社会 Channel U tour 2025,ロームシアター京都 メインホール (京都府),https://www.livefans.jp/events/1729492,2025/04/11 | 緑黄色社会 Channel U tour 2025 @ ロームシアター京都 メインホール (京都府)
2025/04/06,緑黄色社会 Channel U tour 2025,新潟県民会館 大ホール (新潟県),https://www.livefans.jp/events/1729491,2025/04/06 | 緑黄色社会 Channel U tour 2025 @ 新潟県民会館 大ホール (新潟県)
2025/04/04,CENTRAL MUSIC & ENTERTAINMENT FESTIVAL 2025,CENTRAL STAGEKアリーナ横浜 at CENTRAL MUSIC & ENTERTAINMENT FESTIVAL 2025会場[Kアリーナ横浜 / 横浜赤レンガ倉庫 / KT Zepp Yokohama / 臨港パーク] (神奈川県),https://www.livefans.jp/events/1748829,2025/04/04 | CENTRAL MUSIC & ENTERTAINMENT FESTIVAL 2025 @ CENTRAL STAGEKアリーナ横浜 at CENTRAL MUSIC & ENTERTAINMENT FESTIVAL 2025会場[Kアリーナ横浜 / 横浜赤レンガ倉庫 / KT Zepp Yokohama / 臨港パーク] (神奈川県)
2025/03/30,緑黄色社会 Channel U tour 2025,熊本城ホール メインホール (熊本県),https://www.livefans.jp/events/1729490,2025/03/30 | 緑黄色社会 Channel U tour 2025 @ 熊本城ホール メインホール (熊本県)
2025/03/28,緑黄色社会 Channel U tour 2025,広島文化学園HBGホール (広島県),https://www.livefans.jp/events/1729489,2025/03/28 | 緑黄色社会 Channel U tour 2025 @ 広島文化学園HBGホール (広島県)
2025/03/23,緑黄色社会 Channel U tour 2025,愛知県芸術劇場 大ホール (愛知県),https://www.livefans.jp/events/1729488,2025/03/23 | 緑黄色社会 Channel U tour 2025 @ 愛知県芸術劇場 大ホール (愛知県)
2025/03/22,緑黄色社会 Channel U tour 2025,愛知県芸術劇場 大ホール (愛知県),https://www.livefans.jp/events/1729487,2025/03/22 | 緑黄色社会 Channel U tour 2025 @ 愛知県芸術劇場 大ホール (愛知県)
2025/03/14,緑黄色社会 Channel U tour 2025,宇都宮市文化会館 大ホール (栃木県),https://www.livefans.jp/events/1729486,2025/03/14 | 緑黄色社会 Channel U tour 2025 @ 宇都宮市文化会館 大ホール (栃木県)
2025/03/08,緑黄色社会 Channel U tour 2025,市原市市民会館 (千葉県),https://www.livefans.jp/events/1729485,2025/03/08 | 緑黄色社会 Channel U tour 2025 @ 市原市市民会館 (千葉県)
2025/02/28,緑黄色社会「Channel U」リリース記念スペシャル生配信ライブ,オンラインライブ,https://www.livefans.jp/events/1766454,2025/02/28 | 緑黄色社会「Channel U」リリース記念スペシャル生配信ライブ @ オンラインライブ
2025/01/15,"緑黄色社会 Fan Club Live ""livestone vol.2""",mito LIGHT HOUSE (茨城県),https://www.livefans.jp/events/1757441,"2025/01/15 | 緑黄色社会 Fan Club Live ""livestone vol.2"" @ mito LIGHT HOUSE (茨城県)"
2024/12/31,第75回NHK紅白歌合戦「あなたへの歌」,NHKホール (東京都),https://www.livefans.jp/events/1738016,2024/12/31 | 第75回NHK紅白歌合戦「あなたへの歌」 @ NHKホール (東京都)
2024/12/28,COUNTDOWN JAPAN 24/25,EARTH STAGE at 幕張メッセ (千葉県),https://www.livefans.jp/events/1725395,2024/12/28 | COUNTDOWN JAPAN 24/25 @ EARTH STAGE at 幕張メッセ (千葉県)
2024/12/21,MERRY ROCK PARADE 2024,BLESS STAGE at ポートメッセなごや (愛知県),https://www.livefans.jp/events/1737372,2024/12/21 | MERRY ROCK PARADE 2024 @ BLESS STAGE at ポートメッセなごや (愛知県)
2024/12/16,CDTVライブ ! ライブ ! クリスマスSP,TBSテレビ (東京都),https://www.livefans.jp/events/1745872,2024/12/16 | CDTVライブ ! ライブ ! クリスマスSP @ TBSテレビ (東京都)
2024/12/14,結びの夢番地2024 supported by みろくの里,広島県立ふくやま産業交流館(ビッグ・ローズ) (広島県),https://www.livefans.jp/events/1708160,2024/12/14 | 結びの夢番地2024 supported by みろくの里 @ 広島県立ふくやま産業交流館(ビッグ・ローズ) (広島県)
2024/12/04,"緑黄色社会 Fan Club Live ""livestone vol.2""",HEAVEN'S ROCK さいたま新都心 VJ-3 (埼玉県),https://www.livefans.jp/events/1742574,"2024/12/04 | 緑黄色社会 Fan Club Live ""livestone vol.2"" @ HEAVEN'S ROCK さいたま新都心 VJ-3 (埼玉県)"
2024/11/23,"緑黄色社会 Live House Tour ""Laugh""",Zepp Haneda (東京都),https://www.livefans.jp/events/1686967,"2024/11/23 | 緑黄色社会 Live House Tour ""Laugh"" @ Zepp Haneda (東京都)"
2024/11/22,"緑黄色社会 Live House Tour ""Laugh""",Zepp Haneda (東京都),https://www.livefans.jp/events/1686966,"2024/11/22 | 緑黄色社会 Live House Tour ""Laugh"" @ Zepp Haneda (東京都)"
2024/11/14,"緑黄色社会 Live House Tour ""Laugh""",Zepp Nagoya (愛知県),https://www.livefans.jp/events/1686965,"2024/11/14 | 緑黄色社会 Live House Tour ""Laugh"" @ Zepp Nagoya (愛知県)"
2024/11/13,"緑黄色社会 Live House Tour ""Laugh""",Zepp Nagoya (愛知県),https://www.livefans.jp/events/1686964,"2024/11/13 | 緑黄色社会 Live House Tour ""Laugh"" @ Zepp Nagoya (愛知県)"
2024/11/10,"緑黄色社会 Live House Tour ""Laugh""",仙台Rensa (宮城県),https://www.livefans.jp/events/1686963,"2024/11/10 | 緑黄色社会 Live House Tour ""Laugh"" @ 仙台Rensa (宮城県)"
2024/11/08,"緑黄色社会 Live House Tour ""Laugh""",Zepp Sapporo (北海道),https://www.livefans.jp/events/1686962,"2024/11/08 | 緑黄色社会 Live House Tour ""Laugh"" @ Zepp Sapporo (北海道)"
2024/11/02,"緑黄色社会 Live House Tour ""Laugh""",Zepp Osaka Bayside (大阪府),https://www.livefans.jp/events/1686961,"2024/11/02 | 緑黄色社会 Live House Tour ""Laugh"" @ Zepp Osaka Bayside (大阪府)"
2024/11/01,"緑黄色社会 Live House Tour ""Laugh""",Zepp Osaka Bayside (大阪府),https://www.livefans.jp/events/1686960,"2024/11/01 | 緑黄色社会 Live House Tour ""Laugh"" @ Zepp Osaka Bayside (大阪府)"
2024/10/27,"緑黄色社会 Live House Tour ""Laugh""",広島CLUB QUATTRO (広島県),https://www.livefans.jp/events/1686959,"2024/10/27 | 緑黄色社会 Live House Tour ""Laugh"" @ 広島CLUB QUATTRO (広島県)"
2024/10/25,"緑黄色社会 Live House Tour ""Laugh""",Zepp Fukuoka (福岡県),https://www.livefans.jp/events/1686958,"2024/10/25 | 緑黄色社会 Live House Tour ""Laugh"" @ Zepp Fukuoka (福岡県)"
2024/10/23,"緑黄色社会 Live House Tour ""Laugh""",高松festhalle (香川県),https://www.livefans.jp/events/1686957,"2024/10/23 | 緑黄色社会 Live House Tour ""Laugh"" @ 高松festhalle (香川県)"
2024/10/20,"緑黄色社会 Live House Tour ""Laugh""",NIIGATA LOTS (新潟県),https://www.livefans.jp/events/1686956,"2024/10/20 | 緑黄色社会 Live House Tour ""Laugh"" @ NIIGATA LOTS (新潟県)"
2024/09/23,ROCK IN JAPAN FESTIVAL 2024 in HITACHINAKA,GRASS STAGE at 国営ひたち海浜公園 (茨城県),https://www.livefans.jp/events/1689997,2024/09/23 | ROCK IN JAPAN FESTIVAL 2024 in HITACHINAKA @ GRASS STAGE at 国営ひたち海浜公園 (茨城県)
2024/09/14,SEGA SAMMY presents UMK SEAGAIA JamNight 2024,フェニックス・シーガイア・リゾート シーガイアスクエア1 (宮崎県),https://www.livefans.jp/events/1671841,2024/09/14 | SEGA SAMMY presents UMK SEAGAIA JamNight 2024 @ フェニックス・シーガイア・リゾート シーガイアスクエア1 (宮崎県)
2024/09/07,JA共済 presents RADIO BERRY 30th ANNIVERSARY ベリテンライブ2024 Special,井頭公園 運動広場 (栃木県),https://www.livefans.jp/events/1677714,2024/09/07 | JA共済 presents RADIO BERRY 30th ANNIVERSARY ベリテンライブ2024 Special @ 井頭公園 運動広場 (栃木県)
2024/08/31,SPACE SHOWER TV 35th ANNIVERSARY SWEET LOVE SHOWER 2024,LAKESIDE at 山中湖交流プラザきらら (山梨県),https://www.livefans.jp/events/1667276,2024/08/31 | SPACE SHOWER TV 35th ANNIVERSARY SWEET LOVE SHOWER 2024 @ LAKESIDE at 山中湖交流プラザきらら (山梨県)
2024/08/25,MONSTER baSH 2024,RED baSH at 国営讃岐まんのう公園 (香川県),https://www.livefans.jp/events/1663635,2024/08/25 | MONSTER baSH 2024 @ RED baSH at 国営讃岐まんのう公園 (香川県)
2024/08/24,WILD BUNCH FEST. 2024,Pirates Stage at 山口きらら博記念公園 (山口県),https://www.livefans.jp/events/1673385,2024/08/24 | WILD BUNCH FEST. 2024 @ Pirates Stage at 山口きらら博記念公園 (山口県)
2024/08/16,RISING SUN ROCK FESTIVAL 2024 in EZO,RED STAR FIELD at 石狩湾新港樽川ふ頭横野外特設ステージ (北海道),https://www.livefans.jp/events/1696117,2024/08/16 | RISING SUN ROCK FESTIVAL 2024 in EZO @ RED STAR FIELD at 石狩湾新港樽川ふ頭横野外特設ステージ (北海道)
2024/08/10,ROCK IN JAPAN FESTIVAL 2024,LOTUS STAGE at 千葉市蘇我スポーツ公園 (千葉県),https://www.livefans.jp/events/1675204,2024/08/10 | ROCK IN JAPAN FESTIVAL 2024 @ LOTUS STAGE at 千葉市蘇我スポーツ公園 (千葉県)
2024/08/07,テレビ信州 presents 『YOU ga TARGET!!!』,まつもと市民芸術館 主ホール (長野県),https://www.livefans.jp/events/1678794,2024/08/07 | テレビ信州 presents 『YOU ga TARGET!!!』 @ まつもと市民芸術館 主ホール (長野県)
2024/07/22,CDTVライブ ! ライブ ! 夏休み突入SP,TBSテレビ (東京都),https://www.livefans.jp/events/1696990,2024/07/22 | CDTVライブ ! ライブ ! 夏休み突入SP @ TBSテレビ (東京都)
2024/07/21,NUMBER SHOT2024,山笠 STAGE at NUMBER SHOT2024 会場[福岡PayPayドーム / シーサイドももち海浜公園 地行浜ビーチ] (福岡県),https://www.livefans.jp/events/1656082,2024/07/21 | NUMBER SHOT2024 @ 山笠 STAGE at NUMBER SHOT2024 会場[福岡PayPayドーム / シーサイドももち海浜公園 地行浜ビーチ] (福岡県)
2024/07/20,OSAKA GIGANTIC MUSIC FESTIVAL 2024,SUN&COAST STAGE at 舞洲スポーツアイランド 特設会場 (大阪府),https://www.livefans.jp/events/1661252,2024/07/20 | OSAKA GIGANTIC MUSIC FESTIVAL 2024 @ SUN&COAST STAGE at 舞洲スポーツアイランド 特設会場 (大阪府)
2024/07/14,スキマフェス,Aichi Sky Expo (愛知県),https://www.livefans.jp/events/1636676,2024/07/14 | スキマフェス @ Aichi Sky Expo (愛知県)
2024/07/06,PEACEFUL PARK 2024 for 能登 -supported by NTT docomo-,石川県産業展示館 (石川県),https://www.livefans.jp/events/1676154,2024/07/06 | PEACEFUL PARK 2024 for 能登 -supported by NTT docomo- @ 石川県産業展示館 (石川県)
2024/07/04,"緑黄色社会 Fan Club Live ""livestone vol.1""",THE BOTTOM LINE (愛知県),https://www.livefans.jp/events/1693689,"2024/07/04 | 緑黄色社会 Fan Club Live ""livestone vol.1"" @ THE BOTTOM LINE (愛知県)"
2024/06/29,Sign's Fest. 2024,WHITE STAGE at 米子コンベンションセンター BiG SHiP (鳥取県),https://www.livefans.jp/events/1663205,2024/06/29 | Sign's Fest. 2024 @ WHITE STAGE at 米子コンベンションセンター BiG SHiP (鳥取県)
2024/06/26,テレ東ミュージックフェス 2024 夏 ～昭和の常識は...令和の非常識 ! ヤバい昭和の超名曲 vs 令和ヒット曲 100連発～,天王洲スタジオ (東京都),https://www.livefans.jp/events/1689869,2024/06/26 | テレ東ミュージックフェス 2024 夏 ～昭和の常識は...令和の非常識 ! ヤバい昭和の超名曲 vs 令和ヒット曲 100連発～ @ 天王洲スタジオ (東京都)
2024/06/16,緑黄色大夜祭2024,横浜アリーナ (神奈川県),https://www.livefans.jp/events/1663441,2024/06/16 | 緑黄色大夜祭2024 @ 横浜アリーナ (神奈川県)
2024/06/15,緑黄色大夜祭2024,横浜アリーナ (神奈川県),https://www.livefans.jp/events/1663436,2024/06/15 | 緑黄色大夜祭2024 @ 横浜アリーナ (神奈川県)
2024/06/01,"FM802 35th ANNIVERSARY ""Be FUNKY!!"" SPECIAL LIVE RADIO MAGIC",大阪城ホール (大阪府),https://www.livefans.jp/events/1651000,"2024/06/01 | FM802 35th ANNIVERSARY ""Be FUNKY!!"" SPECIAL LIVE RADIO MAGIC @ 大阪城ホール (大阪府)"
2024/05/30,緑黄色夜祭 vol.12,Zepp Nagoya (愛知県),https://www.livefans.jp/events/1649778,2024/05/30 | 緑黄色夜祭 vol.12 @ Zepp Nagoya (愛知県)
2024/05/29,緑黄色夜祭 vol.12,Zepp Osaka Bayside (大阪府),https://www.livefans.jp/events/1649775,2024/05/29 | 緑黄色夜祭 vol.12 @ Zepp Osaka Bayside (大阪府)
2024/05/22,緑黄色夜祭 vol.12,KT Zepp Yokohama (神奈川県),https://www.livefans.jp/events/1649771,2024/05/22 | 緑黄色夜祭 vol.12 @ KT Zepp Yokohama (神奈川県)
2024/05/19,TOKYO METROPOLITAN ROCK FESTIVAL 2024,WINDMILL FIELD at 若洲公園 (東京都),https://www.livefans.jp/events/1638242,2024/05/19 | TOKYO METROPOLITAN ROCK FESTIVAL 2024 @ WINDMILL FIELD at 若洲公園 (東京都)
2024/05/18,緑黄色社会・長屋晴子の長(OSA)LIVE 2024 Supported by オールナイトニッポン,昭和女子大学 人見記念講堂 (東京都),https://www.livefans.jp/events/1748899,2024/05/18 | 緑黄色社会・長屋晴子の長(OSA)LIVE 2024 Supported by オールナイトニッポン @ 昭和女子大学 人見記念講堂 (東京都)
2024/05/11,OSAKA GIGANTIC MUSIC FESTIVAL 2024 SPIN-OFF THE BONDS 2024 in Taiwan -GIGA WORLD SERIES #1-,Zepp New Taipei (台湾),https://www.livefans.jp/events/1674509,2024/05/11 | OSAKA GIGANTIC MUSIC FESTIVAL 2024 SPIN-OFF THE BONDS 2024 in Taiwan -GIGA WORLD SERIES #1- @ Zepp New Taipei (台湾)
2024/05/10,OSAKA GIGANTIC MUSIC FESTIVAL 2024 SPIN-OFF THE BONDS 2024 in Taiwan -GIGA WORLD SERIES #1-,LIVE WAREHOUSE (台湾),https://www.livefans.jp/events/1674496,2024/05/10 | OSAKA GIGANTIC MUSIC FESTIVAL 2024 SPIN-OFF THE BONDS 2024 in Taiwan -GIGA WORLD SERIES #1- @ LIVE WAREHOUSE (台湾)
2024/05/04,Vicke Blanka presents RAINBOW ROAD -伝-,フェスティバルホール (大阪府),https://www.livefans.jp/events/1641423,2024/05/04 | Vicke Blanka presents RAINBOW ROAD -伝- @ フェスティバルホール (大阪府)
2024/04/29,JAPAN JAM 2024,SUNSET STAGE at 千葉市蘇我スポーツ公園 (千葉県),https://www.livefans.jp/events/1637064,2024/04/29 | JAPAN JAM 2024 @ SUNSET STAGE at 千葉市蘇我スポーツ公園 (千葉県)
2024/04/27,ARABAKI ROCK FEST.24,MICHINOKU at エコキャンプみちのく (宮城県),https://www.livefans.jp/events/1635959,2024/04/27 | ARABAKI ROCK FEST.24 @ MICHINOKU at エコキャンプみちのく (宮城県)
2024/04/04,秋山黄色presents 「BUG SESSION」,Zepp Osaka Bayside (大阪府),https://www.livefans.jp/events/1622135,2024/04/04 | 秋山黄色presents 「BUG SESSION」 @ Zepp Osaka Bayside (大阪府)
2024/03/23,Vポイント presents ツタロックフェス2024,MASSIVE STAGE at 幕張メッセ 国際展示場 9～11ホール (千葉県),https://www.livefans.jp/events/1631934,2024/03/23 | Vポイント presents ツタロックフェス2024 @ MASSIVE STAGE at 幕張メッセ 国際展示場 9～11ホール (千葉県)
2024/03/02,ユニ春!ライブ 2024 緑黄色社会,ユニバーサル・スタジオ・ジャパン グラマシーパーク特設会場 (大阪府),https://www.livefans.jp/events/1624364,2024/03/02 | ユニ春!ライブ 2024 緑黄色社会 @ ユニバーサル・スタジオ・ジャパン グラマシーパーク特設会場 (大阪府)
2024/02/24,ANI-ROCK FES.2024「僕のヒーローアカデミア PLUS ULTRA LIVE」,横浜アリーナ (神奈川県),https://www.livefans.jp/events/1588366,2024/02/24 | ANI-ROCK FES.2024「僕のヒーローアカデミア PLUS ULTRA LIVE」 @ 横浜アリーナ (神奈川県)
2024/01/14,緑黄色社会 ARENA TOUR リョクシャ化計画2023-2024,大阪城ホール (大阪府),https://www.livefans.jp/events/1569795,2024/01/14 | 緑黄色社会 ARENA TOUR リョクシャ化計画2023-2024 @ 大阪城ホール (大阪府)
2024/01/13,緑黄色社会 ARENA TOUR リョクシャ化計画2023-2024,大阪城ホール (大阪府),https://www.livefans.jp/events/1569794,2024/01/13 | 緑黄色社会 ARENA TOUR リョクシャ化計画2023-2024 @ 大阪城ホール (大阪府)
2024/01/08,緑黄色社会 ARENA TOUR リョクシャ化計画2023-2024,日本ガイシホール (愛知県),https://www.livefans.jp/events/1569793,2024/01/08 | 緑黄色社会 ARENA TOUR リョクシャ化計画2023-2024 @ 日本ガイシホール (愛知県)
2024/01/07,緑黄色社会 ARENA TOUR リョクシャ化計画2023-2024,日本ガイシホール (愛知県),https://www.livefans.jp/events/1569792,2024/01/07 | 緑黄色社会 ARENA TOUR リョクシャ化計画2023-2024 @ 日本ガイシホール (愛知県)
2023/12/31,第74回NHK紅白歌合戦「ボーダレス -超えてつながる大みそか-」,NHKホール (東京都),https://www.livefans.jp/events/1611977,2023/12/31 | 第74回NHK紅白歌合戦「ボーダレス -超えてつながる大みそか-」 @ NHKホール (東京都)
2023/12/28,COUNTDOWN JAPAN 23/24,EARTH STAGE at 幕張メッセ (千葉県),https://www.livefans.jp/events/1601874,2023/12/28 | COUNTDOWN JAPAN 23/24 @ EARTH STAGE at 幕張メッセ (千葉県)
2023/12/27,FM802 ROCK FESTIVAL RADIO CRAZY 2023,L-STAGE 5号館 at インテックス大阪 (大阪府),https://www.livefans.jp/events/1602080,2023/12/27 | FM802 ROCK FESTIVAL RADIO CRAZY 2023 @ L-STAGE 5号館 at インテックス大阪 (大阪府)
2023/12/22,MUSIC STATION SUPER LIVE 2023,幕張メッセ (千葉県),https://www.livefans.jp/events/1618005,2023/12/22 | MUSIC STATION SUPER LIVE 2023 @ 幕張メッセ (千葉県)
2023/12/16,緑黄色社会 ARENA TOUR リョクシャ化計画2023-2024,横浜アリーナ (神奈川県),https://www.livefans.jp/events/1569791,2023/12/16 | 緑黄色社会 ARENA TOUR リョクシャ化計画2023-2024 @ 横浜アリーナ (神奈川県)
2023/12/15,緑黄色社会 ARENA TOUR リョクシャ化計画2023-2024,横浜アリーナ (神奈川県),https://www.livefans.jp/events/1569790,2023/12/15 | 緑黄色社会 ARENA TOUR リョクシャ化計画2023-2024 @ 横浜アリーナ (神奈川県)
2023/12/02,ベストアーティスト2023,日本テレビ (東京都),https://www.livefans.jp/events/1613462,2023/12/02 | ベストアーティスト2023 @ 日本テレビ (東京都)
2023/11/16,ベストヒット歌謡祭2023,大阪城ホール (大阪府),https://www.livefans.jp/events/1606183,2023/11/16 | ベストヒット歌謡祭2023 @ 大阪城ホール (大阪府)
2023/11/12,皿祭 -sarafes-,東京ガーデンシアター (東京都),https://www.livefans.jp/events/1593250,2023/11/12 | 皿祭 -sarafes- @ 東京ガーデンシアター (東京都)
2023/11/08,Creepy Nuts TWO MAN TOUR 「生業」 2023,Zepp Nagoya (愛知県),https://www.livefans.jp/events/1608775,2023/11/08 | Creepy Nuts TWO MAN TOUR 「生業」 2023 @ Zepp Nagoya (愛知県)
2023/11/03,テレビ朝日ドリームフェスティバル2023,幕張メッセ 国際展示場 1～4ホール (千葉県),https://www.livefans.jp/events/1595822,2023/11/03 | テレビ朝日ドリームフェスティバル2023 @ 幕張メッセ 国際展示場 1～4ホール (千葉県)
2023/10/14,"15th anniversary MIYAKO ISLAND ROCK FESTIVAL 2023 ～SAVE THE SEA, SAVE THE SKY～ 海に優しく、空に優しい、南の島のロックフェス",宮古島コースタルリゾートヒララ・トゥリバー地区 屋外特設会場 (沖縄県),https://www.livefans.jp/events/1582717,"2023/10/14 | 15th anniversary MIYAKO ISLAND ROCK FESTIVAL 2023 ～SAVE THE SEA, SAVE THE SKY～ 海に優しく、空に優しい、南の島のロックフェス @ 宮古島コースタルリゾートヒララ・トゥリバー地区 屋外特設会場 (沖縄県)"
2023/09/17,ロックロックこんにちは!25th Anniversary Special,大阪城ホール (大阪府),https://www.livefans.jp/events/1560143,2023/09/17 | ロックロックこんにちは!25th Anniversary Special @ 大阪城ホール (大阪府)
2023/09/16,秋田CARAVAN MUSIC FES 2023,白神STAGE at 元木山公園 (秋田県),https://www.livefans.jp/events/1544119,2023/09/16 | 秋田CARAVAN MUSIC FES 2023 @ 白神STAGE at 元木山公園 (秋田県)
2023/09/06,奏でた音の行方 vol.9,オンラインライブ,https://www.livefans.jp/events/1590827,2023/09/06 | 奏でた音の行方 vol.9 @ オンラインライブ
2023/08/26,音楽と髭達 2023-WA-,HARD OFF ECOスタジアム新潟 (新潟県),https://www.livefans.jp/events/1554053,2023/08/26 | 音楽と髭達 2023-WA- @ HARD OFF ECOスタジアム新潟 (新潟県)
2023/08/24,フジテレビ開局65周年イベント『お台場冒険王2023 SUMMER SPLASH! めざましライブ,お台場冒険王2023 SUMMER SPLASH スタジアム (東京都),https://www.livefans.jp/events/1579234,2023/08/24 | フジテレビ開局65周年イベント『お台場冒険王2023 SUMMER SPLASH! めざましライブ @ お台場冒険王2023 SUMMER SPLASH スタジアム (東京都)
2023/08/20,MONSTER baSH 2023,STAGE龍神 at 国営讃岐まんのう公園 (香川県),https://www.livefans.jp/events/1534849,2023/08/20 | MONSTER baSH 2023 @ STAGE龍神 at 国営讃岐まんのう公園 (香川県)
2023/08/12,ライブ・エール 2023 ～新しい夏～,NHKホール (東京都),https://www.livefans.jp/events/1569929,2023/08/12 | ライブ・エール 2023 ～新しい夏～ @ NHKホール (東京都)
2023/08/07,閃光ライオット2023,Zepp DiverCity (東京都),https://www.livefans.jp/events/1581340,2023/08/07 | 閃光ライオット2023 @ Zepp DiverCity (東京都)
2023/08/05,ROCK IN JAPAN FESTIVAL 2023,GRASS STAGE at 千葉市蘇我スポーツ公園 (千葉県),https://www.livefans.jp/events/1552585,2023/08/05 | ROCK IN JAPAN FESTIVAL 2023 @ GRASS STAGE at 千葉市蘇我スポーツ公園 (千葉県)
2023/07/22,2023 SUPER SLIPPA 12,台北世界貿易センター 南港展覧館 (台湾),https://www.livefans.jp/events/1660098,2023/07/22 | 2023 SUPER SLIPPA 12 @ 台北世界貿易センター 南港展覧館 (台湾)
2023/07/16,「pink blue tour 2023」,レクザムホール 大ホール (香川県),https://www.livefans.jp/events/1511356,2023/07/16 | 「pink blue tour 2023」 @ レクザムホール 大ホール (香川県)
2023/07/14,「pink blue tour 2023」,上野学園ホール (広島県),https://www.livefans.jp/events/1511353,2023/07/14 | 「pink blue tour 2023」 @ 上野学園ホール (広島県)
2023/07/12,2023 FNS歌謡祭 夏,フジテレビ (東京都),https://www.livefans.jp/events/1564323,2023/07/12 | 2023 FNS歌謡祭 夏 @ フジテレビ (東京都)
2023/07/09,「pink blue tour 2023」,J:COMホール八王子 (東京都),https://www.livefans.jp/events/1511352,2023/07/09 | 「pink blue tour 2023」 @ J:COMホール八王子 (東京都)
2023/07/07,「pink blue tour 2023」,静岡市清水文化会館マリナート 大ホール (静岡県),https://www.livefans.jp/events/1511351,2023/07/07 | 「pink blue tour 2023」 @ 静岡市清水文化会館マリナート 大ホール (静岡県)
2023/07/04,「pink blue tour 2023」,四日市市文化会館 第1ホール (三重県),https://www.livefans.jp/events/1511350,2023/07/04 | 「pink blue tour 2023」 @ 四日市市文化会館 第1ホール (三重県)
2023/06/30,「pink blue tour 2023」,盛岡市民文化ホール 大ホール (岩手県),https://www.livefans.jp/events/1511349,2023/06/30 | 「pink blue tour 2023」 @ 盛岡市民文化ホール 大ホール (岩手県)
2023/06/29,「pink blue tour 2023」,東京エレクトロンホール宮城 大ホール (宮城県),https://www.livefans.jp/events/1511344,2023/06/29 | 「pink blue tour 2023」 @ 東京エレクトロンホール宮城 大ホール (宮城県)
2023/06/28,テレ東音楽祭 2023 夏～思わず歌いたくなる ! 最強ヒットソング100連発～,天王洲スタジオ (東京都),https://www.livefans.jp/events/1566840,2023/06/28 | テレ東音楽祭 2023 夏～思わず歌いたくなる ! 最強ヒットソング100連発～ @ 天王洲スタジオ (東京都)
2023/06/25,「pink blue tour 2023」,本多の森ホール (石川県),https://www.livefans.jp/events/1511311,2023/06/25 | 「pink blue tour 2023」 @ 本多の森ホール (石川県)
2023/06/24,「pink blue tour 2023」,新潟県民会館 大ホール (新潟県),https://www.livefans.jp/events/1511310,2023/06/24 | 「pink blue tour 2023」 @ 新潟県民会館 大ホール (新潟県)
2023/06/21,「pink blue tour 2023」,ロームシアター京都 (京都府),https://www.livefans.jp/events/1511309,2023/06/21 | 「pink blue tour 2023」 @ ロームシアター京都 (京都府)
2023/06/17,「pink blue tour 2023」,YCC県民文化ホール 大ホール (山梨県),https://www.livefans.jp/events/1511308,2023/06/17 | 「pink blue tour 2023」 @ YCC県民文化ホール 大ホール (山梨県)
2023/06/16,ミュージックステーション,テレビ朝日 (東京都),https://www.livefans.jp/events/1562397,2023/06/16 | ミュージックステーション @ テレビ朝日 (東京都)
2023/06/15,「pink blue tour 2023」,東京国際フォーラム ホールA (東京都),https://www.livefans.jp/events/1511307,2023/06/15 | 「pink blue tour 2023」 @ 東京国際フォーラム ホールA (東京都)
2023/06/11,「pink blue tour 2023」,福岡サンパレス (福岡県),https://www.livefans.jp/events/1511306,2023/06/11 | 「pink blue tour 2023」 @ 福岡サンパレス (福岡県)
2023/06/10,「pink blue tour 2023」,福岡サンパレス (福岡県),https://www.livefans.jp/events/1511305,2023/06/10 | 「pink blue tour 2023」 @ 福岡サンパレス (福岡県)
2023/06/04,「pink blue tour 2023」,ザ・ヒロサワ・シティ会館 大ホール (茨城県),https://www.livefans.jp/events/1511304,2023/06/04 | 「pink blue tour 2023」 @ ザ・ヒロサワ・シティ会館 大ホール (茨城県)
2023/06/02,「pink blue tour 2023」,カナモトホール (北海道),https://www.livefans.jp/events/1511303,2023/06/02 | 「pink blue tour 2023」 @ カナモトホール (北海道)
2023/05/27,「pink blue tour 2023」,フェスティバルホール (大阪府),https://www.livefans.jp/events/1511302,2023/05/27 | 「pink blue tour 2023」 @ フェスティバルホール (大阪府)
2023/05/26,「pink blue tour 2023」,フェスティバルホール (大阪府),https://www.livefans.jp/events/1511299,2023/05/26 | 「pink blue tour 2023」 @ フェスティバルホール (大阪府)
2023/05/21,「pink blue tour 2023」,愛知県芸術劇場 大ホール (愛知県),https://www.livefans.jp/events/1511298,2023/05/21 | 「pink blue tour 2023」 @ 愛知県芸術劇場 大ホール (愛知県)
2023/05/20,「pink blue tour 2023」,愛知県芸術劇場 大ホール (愛知県),https://www.livefans.jp/events/1511297,2023/05/20 | 「pink blue tour 2023」 @ 愛知県芸術劇場 大ホール (愛知県)
2023/05/16,長屋晴子のオールナイトニッポンX「緑黄色社会メンバー全員集合ライブSP!」,オンラインライブ,https://www.livefans.jp/events/1552478,2023/05/16 | 長屋晴子のオールナイトニッポンX「緑黄色社会メンバー全員集合ライブSP!」 @ オンラインライブ
2023/05/06,JAPAN JAM 2023,SKY STAGE at 千葉市蘇我スポーツ公園 (千葉県),https://www.livefans.jp/events/1519527,2023/05/06 | JAPAN JAM 2023 @ SKY STAGE at 千葉市蘇我スポーツ公園 (千葉県)
2023/04/30,ARABAKI ROCK FEST.23,磐越 <BAN-ETSU> at エコキャンプみちのく (宮城県),https://www.livefans.jp/events/1522064,2023/04/30 | ARABAKI ROCK FEST.23 @ 磐越 <BAN-ETSU> at エコキャンプみちのく (宮城県)
2023/04/29,FM802 SPECIAL LIVE 紀陽銀行 presents REQUESTAGE 2023,大阪城ホール (大阪府),https://www.livefans.jp/events/1518778,2023/04/29 | FM802 SPECIAL LIVE 紀陽銀行 presents REQUESTAGE 2023 @ 大阪城ホール (大阪府)
2023/04/09,YON FES 2023,SKY STAGE at 愛・地球博記念公園 モリコロパーク (愛知県),https://www.livefans.jp/events/1517638,2023/04/09 | YON FES 2023 @ SKY STAGE at 愛・地球博記念公園 モリコロパーク (愛知県)
2023/04/01,EIGHT BALL FESTIVAL 2023,SOLID STAGE at CONVEX岡山 (岡山県),https://www.livefans.jp/events/1499901,2023/04/01 | EIGHT BALL FESTIVAL 2023 @ SOLID STAGE at CONVEX岡山 (岡山県)
2023/03/21,フジファブリック 2マンライブ『フジフレンドパーク2023』,Zepp Osaka Bayside (大阪府),https://www.livefans.jp/events/1511873,2023/03/21 | フジファブリック 2マンライブ『フジフレンドパーク2023』 @ Zepp Osaka Bayside (大阪府)
2023/03/19,HY SKY Fes 2023,沖縄県総合運動公園 多目的広場 (沖縄県),https://www.livefans.jp/events/1464294,2023/03/19 | HY SKY Fes 2023 @ 沖縄県総合運動公園 多目的広場 (沖縄県)
2023/02/01,緑黄色夜祭 vol.11,Zepp Fukuoka (福岡県),https://www.livefans.jp/events/1514632,2023/02/01 | 緑黄色夜祭 vol.11 @ Zepp Fukuoka (福岡県)
2023/01/28,FUKUOKA MUSIC FES. 2023,RIGHT STAGE at 福岡PayPayドーム (福岡県),https://www.livefans.jp/events/1483483,2023/01/28 | FUKUOKA MUSIC FES. 2023 @ RIGHT STAGE at 福岡PayPayドーム (福岡県)
2023/01/21,奏でた音の行方 vol.8,オンラインライブ,https://www.livefans.jp/events/1511146,2023/01/21 | 奏でた音の行方 vol.8 @ オンラインライブ
2023/01/15,オールナイトニッポン55周年 オールナイトニッポンX(クロス)スペシャルライブ2023,横浜アリーナ (神奈川県),https://www.livefans.jp/events/1492409,2023/01/15 | オールナイトニッポン55周年 オールナイトニッポンX(クロス)スペシャルライブ2023 @ 横浜アリーナ (神奈川県)
2022/12/31,CDTVライブ ! ライブ ! 年越しスペシャル ! 2022→2023,TBSテレビ (東京都),https://www.livefans.jp/events/1500962,2022/12/31 | CDTVライブ ! ライブ ! 年越しスペシャル ! 2022→2023 @ TBSテレビ (東京都)
2022/12/31,第73回NHK紅白歌合戦「LOVE & PEACE -みんなでシェア!-」,NHKホール (東京都),https://www.livefans.jp/events/1490967,2022/12/31 | 第73回NHK紅白歌合戦「LOVE & PEACE -みんなでシェア!-」 @ NHKホール (東京都)
2022/12/28,発表 ! 今年イチバン聴いた歌～年間ミュージックアワード2022～,ホテルニューオータニ幕張 (千葉県),https://www.livefans.jp/events/1501252,2022/12/28 | 発表 ! 今年イチバン聴いた歌～年間ミュージックアワード2022～ @ ホテルニューオータニ幕張 (千葉県)
2022/12/28,COUNTDOWN JAPAN 22/23,EARTH STAGE at 幕張メッセ (千葉県),https://www.livefans.jp/events/1480308,2022/12/28 | COUNTDOWN JAPAN 22/23 @ EARTH STAGE at 幕張メッセ (千葉県)
2022/12/27,FM802 ROCK FESTIVAL RADIO CRAZY 2022,L-STAGE 5号館 at インテックス大阪 (大阪府),https://www.livefans.jp/events/1484729,2022/12/27 | FM802 ROCK FESTIVAL RADIO CRAZY 2022 @ L-STAGE 5号館 at インテックス大阪 (大阪府)
2022/12/23,MUSIC STATION ウルトラSUPER LIVE ～2022 Xmas MUSIC FES～,幕張メッセ (千葉県),https://www.livefans.jp/events/1495467,2022/12/23 | MUSIC STATION ウルトラSUPER LIVE ～2022 Xmas MUSIC FES～ @ 幕張メッセ (千葉県)
2022/12/18,MERRY ROCK PARADE 2022,BLESS & NOEL STAGE at ポートメッセなごや (愛知県),https://www.livefans.jp/events/1483396,2022/12/18 | MERRY ROCK PARADE 2022 @ BLESS & NOEL STAGE at ポートメッセなごや (愛知県)
2022/12/17,結びの夢番地2022,広島県立総合体育館 広島グリーンアリーナ (広島県),https://www.livefans.jp/events/1478772,2022/12/17 | 結びの夢番地2022 @ 広島県立総合体育館 広島グリーンアリーナ (広島県)
2022/12/14,FNS歌謡祭 2022 第2夜,フジテレビ (東京都),https://www.livefans.jp/events/1491470,2022/12/14 | FNS歌謡祭 2022 第2夜 @ フジテレビ (東京都)
2022/12/04,緑黄色夜祭 vol.11,Zepp Haneda (東京都),https://www.livefans.jp/events/1472406,2022/12/04 | 緑黄色夜祭 vol.11 @ Zepp Haneda (東京都)
2022/12/03,ベストアーティスト2022,日本テレビ (東京都),https://www.livefans.jp/events/1491467,2022/12/03 | ベストアーティスト2022 @ 日本テレビ (東京都)
2022/11/20,緑黄色夜祭 vol.11,Zepp Sapporo (北海道),https://www.livefans.jp/events/1472408,2022/11/20 | 緑黄色夜祭 vol.11 @ Zepp Sapporo (北海道)
2022/11/13,緑黄色夜祭 vol.11,KT Zepp Yokohama (神奈川県),https://www.livefans.jp/events/1472400,2022/11/13 | 緑黄色夜祭 vol.11 @ KT Zepp Yokohama (神奈川県)
2022/11/12,緑黄色夜祭 vol.11,Zepp Nagoya (愛知県),https://www.livefans.jp/events/1472398,2022/11/12 | 緑黄色夜祭 vol.11 @ Zepp Nagoya (愛知県)
2022/11/10,ベストヒット歌謡祭2022,フェスティバルホール (大阪府),https://www.livefans.jp/events/1484910,2022/11/10 | ベストヒット歌謡祭2022 @ フェスティバルホール (大阪府)
2022/11/03,MTV VMAJ 2022 -THE LIVE-,武蔵野の森総合スポーツプラザ メインアリーナ (東京都),https://www.livefans.jp/events/1476606,2022/11/03 | MTV VMAJ 2022 -THE LIVE- @ 武蔵野の森総合スポーツプラザ メインアリーナ (東京都)
2022/09/30,KANA-BOON Jack in tour 2022,Zepp Fukuoka (福岡県),https://www.livefans.jp/events/1455617,2022/09/30 | KANA-BOON Jack in tour 2022 @ Zepp Fukuoka (福岡県)
2022/09/25,ROCK KIDS 802-OCHIKEN Goes ON!!- SPECIAL LIVE HIGH!HIGH!HIGH! supported by ナカバヤシ,大阪城ホール (大阪府),https://www.livefans.jp/events/1445589,2022/09/25 | ROCK KIDS 802-OCHIKEN Goes ON!!- SPECIAL LIVE HIGH!HIGH!HIGH! supported by ナカバヤシ @ 大阪城ホール (大阪府)
2022/09/23,テレビ朝日ドリームフェスティバル 2022,幕張メッセ (千葉県),https://www.livefans.jp/events/1468423,2022/09/23 | テレビ朝日ドリームフェスティバル 2022 @ 幕張メッセ (千葉県)
2022/09/17,"緑黄色社会×日本武道館 ""20122022""",日本武道館 (東京都),https://www.livefans.jp/events/1414464,"2022/09/17 | 緑黄色社会×日本武道館 ""20122022"" @ 日本武道館 (東京都)"
2022/09/16,"緑黄色社会×日本武道館 ""20122022""",日本武道館 (東京都),https://www.livefans.jp/events/1414463,"2022/09/16 | 緑黄色社会×日本武道館 ""20122022"" @ 日本武道館 (東京都)"
2022/08/28,SPACE SHOWER SWEET LOVE SHOWER 2022,LAKESIDE at 山中湖交流プラザきらら (山梨県),https://www.livefans.jp/events/1430770,2022/08/28 | SPACE SHOWER SWEET LOVE SHOWER 2022 @ LAKESIDE at 山中湖交流プラザきらら (山梨県)
2022/08/21,MONSTER baSH 2022,STAGE龍神 at 国営讃岐まんのう公園 (香川県),https://www.livefans.jp/events/1436744,2022/08/21 | MONSTER baSH 2022 @ STAGE龍神 at 国営讃岐まんのう公園 (香川県)
2022/08/13,RISING SUN ROCK FESTIVAL 2022 in EZO,EARTH STAGE at 石狩湾新港樽川ふ頭横野外特設ステージ (北海道),https://www.livefans.jp/events/1418738,2022/08/13 | RISING SUN ROCK FESTIVAL 2022 in EZO @ EARTH STAGE at 石狩湾新港樽川ふ頭横野外特設ステージ (北海道)
2022/08/06,ライブ・エール 2022～明日への一歩～,NHKホール (東京都),https://www.livefans.jp/events/1455773,2022/08/06 | ライブ・エール 2022～明日への一歩～ @ NHKホール (東京都)
2022/08/06,ROCK IN JAPAN FESTIVAL 2022,LOTUS STAGE at 千葉市蘇我スポーツ公園 (千葉県),https://www.livefans.jp/events/1427409,2022/08/06 | ROCK IN JAPAN FESTIVAL 2022 @ LOTUS STAGE at 千葉市蘇我スポーツ公園 (千葉県)
2022/07/30,第11回明石家紅白 ! 豪華アーティスト大集合の夏スペシャル !,NHK放送センター (東京都),https://www.livefans.jp/events/1456378,2022/07/30 | 第11回明石家紅白 ! 豪華アーティスト大集合の夏スペシャル ! @ NHK放送センター (東京都)
2022/07/24,OSAKA GIGANTIC MUSIC FESTIVAL 2022,SKY STAGE at 舞洲スポーツアイランド (大阪府),https://www.livefans.jp/events/1402196,2022/07/24 | OSAKA GIGANTIC MUSIC FESTIVAL 2022 @ SKY STAGE at 舞洲スポーツアイランド (大阪府)
2022/07/23,FUNDAY PARK FESTIVAL 2022,SPADE STAGE at 渚園 (静岡県),https://www.livefans.jp/events/1444264,2022/07/23 | FUNDAY PARK FESTIVAL 2022 @ SPADE STAGE at 渚園 (静岡県)
2022/07/17,NUMBER SHOT 2022,どんたくSTAGE at 福岡PayPayドーム (福岡県),https://www.livefans.jp/events/1440307,2022/07/17 | NUMBER SHOT 2022 @ どんたくSTAGE at 福岡PayPayドーム (福岡県)
2022/07/16,音楽の日,TBSテレビ Bスタジオ (東京都),https://www.livefans.jp/events/1446866,2022/07/16 | 音楽の日 @ TBSテレビ Bスタジオ (東京都)
2022/07/02,THE MUSIC DAY 2022,幕張メッセ (千葉県),https://www.livefans.jp/events/1444189,2022/07/02 | THE MUSIC DAY 2022 @ 幕張メッセ (千葉県)
2022/06/22,テレ東音楽祭2022夏 ～思わず歌いたくなる!最強ヒットソング100連発～,テレビ東京 天王洲スタジオ (東京都),https://www.livefans.jp/events/1440199,2022/06/22 | テレ東音楽祭2022夏 ～思わず歌いたくなる!最強ヒットソング100連発～ @ テレビ東京 天王洲スタジオ (東京都)
2022/06/18,緑黄色社会 全国ホールツアー「Actor tour 2022」,仙台サンプラザ ホール (宮城県),https://www.livefans.jp/events/1413031,2022/06/18 | 緑黄色社会 全国ホールツアー「Actor tour 2022」 @ 仙台サンプラザ ホール (宮城県)
2022/06/16,緑黄色社会 全国ホールツアー「Actor tour 2022」,白河文化交流館コミネス (福島県),https://www.livefans.jp/events/1413036,2022/06/16 | 緑黄色社会 全国ホールツアー「Actor tour 2022」 @ 白河文化交流館コミネス (福島県)
2022/06/11,SUPER DRY SPECIAL FES powerd by THE F1RST TAKE,豊洲PIT (東京都),https://www.livefans.jp/events/1449185,2022/06/11 | SUPER DRY SPECIAL FES powerd by THE F1RST TAKE @ 豊洲PIT (東京都)
2022/06/08,TikTok LIVE,オンラインライブ,https://www.livefans.jp/events/1436001,2022/06/08 | TikTok LIVE @ オンラインライブ
2022/06/06,緑黄色社会 全国ホールツアー「Actor tour 2022」,レクザムホール 小ホール (香川県),https://www.livefans.jp/events/1367073,2022/06/06 | 緑黄色社会 全国ホールツアー「Actor tour 2022」 @ レクザムホール 小ホール (香川県)
2022/06/04,緑黄色社会 全国ホールツアー「Actor tour 2022」,松山市総合コミュニティセンター キャメリアホール (愛媛県),https://www.livefans.jp/events/1367072,2022/06/04 | 緑黄色社会 全国ホールツアー「Actor tour 2022」 @ 松山市総合コミュニティセンター キャメリアホール (愛媛県)
2022/05/29,MONSTER biSH 2022 ～最後にもう一度!絶対出たいぞモンバス!!～,さぬき市野外音楽広場テアトロン (香川県),https://www.livefans.jp/events/1416994,2022/05/29 | MONSTER biSH 2022 ～最後にもう一度!絶対出たいぞモンバス!!～ @ さぬき市野外音楽広場テアトロン (香川県)
2022/05/28,緑黄色社会 全国ホールツアー「Actor tour 2022」,新潟テルサ (新潟県),https://www.livefans.jp/events/1367066,2022/05/28 | 緑黄色社会 全国ホールツアー「Actor tour 2022」 @ 新潟テルサ (新潟県)
2022/05/22,TOKYO METROPOLITAN ROCK FESTIVAL 2022,SEASIDE PARK at 若洲公園 (東京都),https://www.livefans.jp/events/1399273,2022/05/22 | TOKYO METROPOLITAN ROCK FESTIVAL 2022 @ SEASIDE PARK at 若洲公園 (東京都)
2022/05/15,緑黄色社会 全国ホールツアー「Actor tour 2022」,本多の森ホール (石川県),https://www.livefans.jp/events/1367064,2022/05/15 | 緑黄色社会 全国ホールツアー「Actor tour 2022」 @ 本多の森ホール (石川県)
2022/05/08,緑黄色社会 全国ホールツアー「Actor tour 2022」,フェスティバルホール (大阪府),https://www.livefans.jp/events/1367063,2022/05/08 | 緑黄色社会 全国ホールツアー「Actor tour 2022」 @ フェスティバルホール (大阪府)
2022/05/07,緑黄色社会 全国ホールツアー「Actor tour 2022」,フェスティバルホール (大阪府),https://www.livefans.jp/events/1367062,2022/05/07 | 緑黄色社会 全国ホールツアー「Actor tour 2022」 @ フェスティバルホール (大阪府)
2022/05/03,緑黄色社会 全国ホールツアー「Actor tour 2022」,川商ホール 第2ホール (鹿児島県),https://www.livefans.jp/events/1367060,2022/05/03 | 緑黄色社会 全国ホールツアー「Actor tour 2022」 @ 川商ホール 第2ホール (鹿児島県)
2022/05/01,緑黄色社会 全国ホールツアー「Actor tour 2022」,福岡サンパレス (福岡県),https://www.livefans.jp/events/1367059,2022/05/01 | 緑黄色社会 全国ホールツアー「Actor tour 2022」 @ 福岡サンパレス (福岡県)
2022/04/22,緑黄色社会 全国ホールツアー「Actor tour 2022」,長良川国際会議場 (岐阜県),https://www.livefans.jp/events/1367057,2022/04/22 | 緑黄色社会 全国ホールツアー「Actor tour 2022」 @ 長良川国際会議場 (岐阜県)
2022/04/17,緑黄色社会 全国ホールツアー「Actor tour 2022」,三郷市文化会館 (埼玉県),https://www.livefans.jp/events/1367056,2022/04/17 | 緑黄色社会 全国ホールツアー「Actor tour 2022」 @ 三郷市文化会館 (埼玉県)
2022/04/16,緑黄色社会 全国ホールツアー「Actor tour 2022」,神奈川県民ホール (神奈川県),https://www.livefans.jp/events/1367022,2022/04/16 | 緑黄色社会 全国ホールツアー「Actor tour 2022」 @ 神奈川県民ホール (神奈川県)
2022/04/10,緑黄色社会 全国ホールツアー「Actor tour 2022」,昭和女子大学 人見記念講堂 (東京都),https://www.livefans.jp/events/1367020,2022/04/10 | 緑黄色社会 全国ホールツアー「Actor tour 2022」 @ 昭和女子大学 人見記念講堂 (東京都)
2022/04/09,緑黄色社会 全国ホールツアー「Actor tour 2022」,名古屋国際会議場 センチュリーホール (愛知県),https://www.livefans.jp/events/1367018,2022/04/09 | 緑黄色社会 全国ホールツアー「Actor tour 2022」 @ 名古屋国際会議場 センチュリーホール (愛知県)
2022/04/03,緑黄色社会 全国ホールツアー「Actor tour 2022」,岡山市民会館 (岡山県),https://www.livefans.jp/events/1367017,2022/04/03 | 緑黄色社会 全国ホールツアー「Actor tour 2022」 @ 岡山市民会館 (岡山県)
2022/04/01,緑黄色社会 全国ホールツアー「Actor tour 2022」,アステールプラザ 大ホール (広島県),https://www.livefans.jp/events/1367016,2022/04/01 | 緑黄色社会 全国ホールツアー「Actor tour 2022」 @ アステールプラザ 大ホール (広島県)
2022/03/28,CDTVライブ ! ライブ ! ★春の4時間スペシャル★,TBSテレビ (東京都),https://www.livefans.jp/events/1401135,2022/03/28 | CDTVライブ ! ライブ ! ★春の4時間スペシャル★ @ TBSテレビ (東京都)
2022/03/27,緑黄色社会 全国ホールツアー「Actor tour 2022」,札幌文化芸術劇場hitaru 劇場 (北海道),https://www.livefans.jp/events/1367014,2022/03/27 | 緑黄色社会 全国ホールツアー「Actor tour 2022」 @ 札幌文化芸術劇場hitaru 劇場 (北海道)
2022/03/25,緑黄色社会 全国ホールツアー「Actor tour 2022」,旭川市民文化会館 大ホール (北海道),https://www.livefans.jp/events/1367013,2022/03/25 | 緑黄色社会 全国ホールツアー「Actor tour 2022」 @ 旭川市民文化会館 大ホール (北海道)
2022/03/20,緑黄色社会 全国ホールツアー「Actor tour 2022」,ベイシア文化ホール (群馬県),https://www.livefans.jp/events/1367011,2022/03/20 | 緑黄色社会 全国ホールツアー「Actor tour 2022」 @ ベイシア文化ホール (群馬県)
2022/03/09,"アポロベイス閉店前自主企画 ""(You're) from LIVEHOUSE""",APOLLO BASE (愛知県),https://www.livefans.jp/events/1391328,"2022/03/09 | アポロベイス閉店前自主企画 ""(You're) from LIVEHOUSE"" @ APOLLO BASE (愛知県)"
2022/01/26,奏でた音の行方 vol.7,オンラインライブ,https://www.livefans.jp/events/1380189,2022/01/26 | 奏でた音の行方 vol.7 @ オンラインライブ
2022/01/22,uP!!! SPECIAL LIVE HOLIC extra 2022 supported by SPACE SHOWER TV,幕張メッセ イベントホール (千葉県),https://www.livefans.jp/events/1361579,2022/01/22 | uP!!! SPECIAL LIVE HOLIC extra 2022 supported by SPACE SHOWER TV @ 幕張メッセ イベントホール (千葉県)
2021/12/31,CDTVライブ ! ライブ ! 年越しプレミアライブ 2021→2022,TBSテレビ (東京都),https://www.livefans.jp/events/1373206,2021/12/31 | CDTVライブ ! ライブ ! 年越しプレミアライブ 2021→2022 @ TBSテレビ (東京都)
2021/12/27,FM802 ROCK FESTIVAL RADIO CRAZY presents 『THE GRAND SLAM』,京セラドーム大阪 (大阪府),https://www.livefans.jp/events/1359099,2021/12/27 | FM802 ROCK FESTIVAL RADIO CRAZY presents 『THE GRAND SLAM』 @ 京セラドーム大阪 (大阪府)
2021/12/24,MUSIC STATION ウルトラSUPER LIVE 2021,幕張メッセ (千葉県),https://www.livefans.jp/events/1366980,2021/12/24 | MUSIC STATION ウルトラSUPER LIVE 2021 @ 幕張メッセ (千葉県)
2021/12/12,緑黄色社会×niko and ... クリスマス・スペシャルオンラインLIVE,オンラインライブ,https://www.livefans.jp/events/1369479,2021/12/12 | 緑黄色社会×niko and ... クリスマス・スペシャルオンラインLIVE @ オンラインライブ
2021/12/11,"緑黄色社会 Special Live ""PRISM""",オンラインライブ,https://www.livefans.jp/events/1369099,"2021/12/11 | 緑黄色社会 Special Live ""PRISM"" @ オンラインライブ"
2021/12/05,7.2 新しい別の窓,ABEMA TV,https://www.livefans.jp/events/1367103,2021/12/05 | 7.2 新しい別の窓 @ ABEMA TV
2021/12/03,緑黄色夜祭 vol.10,Zepp DiverCity (東京都),https://www.livefans.jp/events/1361593,2021/12/03 | 緑黄色夜祭 vol.10 @ Zepp DiverCity (東京都)
2021/12/01,2021 FNS歌謡祭 第一夜,フジテレビ (東京都),https://www.livefans.jp/events/1362860,2021/12/01 | 2021 FNS歌謡祭 第一夜 @ フジテレビ (東京都)
2021/11/28,緑黄色夜祭 vol.10,Zepp Nagoya (愛知県),https://www.livefans.jp/events/1361591,2021/11/28 | 緑黄色夜祭 vol.10 @ Zepp Nagoya (愛知県)
2021/11/26,緑黄色夜祭 vol.10,Zepp Sapporo (北海道),https://www.livefans.jp/events/1361589,2021/11/26 | 緑黄色夜祭 vol.10 @ Zepp Sapporo (北海道)
2021/11/20,緑黄色夜祭 vol.10,Zepp Osaka Bayside (大阪府),https://www.livefans.jp/events/1361587,2021/11/20 | 緑黄色夜祭 vol.10 @ Zepp Osaka Bayside (大阪府)
2021/11/18,緑黄色夜祭 vol.10,Zepp Fukuoka (福岡県),https://www.livefans.jp/events/1361585,2021/11/18 | 緑黄色夜祭 vol.10 @ Zepp Fukuoka (福岡県)
2021/11/11,ベストヒット歌謡祭2021,フェスティバルホール (大阪府),https://www.livefans.jp/events/1358004,2021/11/11 | ベストヒット歌謡祭2021 @ フェスティバルホール (大阪府)
2021/10/05,MTV LIVE MATCH,ぴあアリーナMM (神奈川県),https://www.livefans.jp/events/1351939,2021/10/05 | MTV LIVE MATCH @ ぴあアリーナMM (神奈川県)
2021/09/25,テレビ朝日ドリームフェスティバル2021,幕張メッセ 国際展示場 1～3ホール (千葉県),https://www.livefans.jp/events/1335750,2021/09/25 | テレビ朝日ドリームフェスティバル2021 @ 幕張メッセ 国際展示場 1～3ホール (千葉県)
2021/09/24,HTBまつりスペシャルライブ,札幌文化芸術劇場hitaru (北海道),https://www.livefans.jp/events/1357504,2021/09/24 | HTBまつりスペシャルライブ @ 札幌文化芸術劇場hitaru (北海道)
2021/09/16,緑黄色社会ACOUSTIC ONLINE EVENT 「REBOOT」 Powered by J-WAVE,日清食品 POWER STATION [REBOOT],https://www.livefans.jp/events/1347409,2021/09/16 | 緑黄色社会ACOUSTIC ONLINE EVENT 「REBOOT」 Powered by J-WAVE @ 日清食品 POWER STATION [REBOOT]
2021/08/29,音楽と髭達 2021-夏の約束-,朱鷺メッセ (新潟県),https://www.livefans.jp/events/1329203,2021/08/29 | 音楽と髭達 2021-夏の約束- @ 朱鷺メッセ (新潟県)
2021/08/24,奏でた音の行方vol.6,オンラインライブ,https://www.livefans.jp/events/1341596,2021/08/24 | 奏でた音の行方vol.6 @ オンラインライブ
2021/08/21,リョクシャ化計画2021,フェスティバルホール (大阪府),https://www.livefans.jp/events/1341436,2021/08/21 | リョクシャ化計画2021 @ フェスティバルホール (大阪府)
2021/08/15,FUNDAY PARK FESTIVAL 2021,愛・地球博記念公園 モリコロパーク (愛知県),https://www.livefans.jp/events/1324714,2021/08/15 | FUNDAY PARK FESTIVAL 2021 @ 愛・地球博記念公園 モリコロパーク (愛知県)
2021/08/13,ROCK CIRCUIT 2021 in EZO Supported by RISING SUN ROCK FESTIVAL,札幌芸術の森 野外ステージ (北海道),https://www.livefans.jp/events/1333026,2021/08/13 | ROCK CIRCUIT 2021 in EZO Supported by RISING SUN ROCK FESTIVAL @ 札幌芸術の森 野外ステージ (北海道)
2021/07/31,OSAKA GIGANTIC MUSIC FESTIVAL 20>21,SUN AREA - YUMESHIMA at 舞洲スポーツアイランド (大阪府),https://www.livefans.jp/events/1319108,2021/07/31 | OSAKA GIGANTIC MUSIC FESTIVAL 20>21 @ SUN AREA - YUMESHIMA at 舞洲スポーツアイランド (大阪府)
2021/07/18,J-WAVE LIVE 2021,横浜アリーナ (神奈川県),https://www.livefans.jp/events/1320287,2021/07/18 | J-WAVE LIVE 2021 @ 横浜アリーナ (神奈川県)
2021/07/14,2021 FNS歌謡祭 夏,フジテレビ (東京都),https://www.livefans.jp/events/1327182,2021/07/14 | 2021 FNS歌謡祭 夏 @ フジテレビ (東京都)
2021/07/11,リョクシャ化計画2021,仙台銀行ホール イズミティ21 大ホール (宮城県),https://www.livefans.jp/events/1302126,2021/07/11 | リョクシャ化計画2021 @ 仙台銀行ホール イズミティ21 大ホール (宮城県)
2021/07/04,リョクシャ化計画2021,東京ガーデンシアター (東京都),https://www.livefans.jp/events/1302125,2021/07/04 | リョクシャ化計画2021 @ 東京ガーデンシアター (東京都)
2021/07/02,リョクシャ化計画2021,名古屋国際会議場 センチュリーホール (愛知県),https://www.livefans.jp/events/1302124,2021/07/02 | リョクシャ化計画2021 @ 名古屋国際会議場 センチュリーホール (愛知県)
2021/06/30,テレ東音楽祭2021 ～思わず歌いたくなる!最強ヒットソング100連発～,テレビ東京 (東京都),https://www.livefans.jp/events/1328661,2021/06/30 | テレ東音楽祭2021 ～思わず歌いたくなる!最強ヒットソング100連発～ @ テレビ東京 (東京都)
2021/06/26,LOVE MUSIC FESTIVAL 2021,ぴあアリーナMM (神奈川県),https://www.livefans.jp/events/1306017,2021/06/26 | LOVE MUSIC FESTIVAL 2021 @ ぴあアリーナMM (神奈川県)
2021/06/19,リョクシャ化計画2021,新潟テルサ (新潟県),https://www.livefans.jp/events/1302123,2021/06/19 | リョクシャ化計画2021 @ 新潟テルサ (新潟県)
2021/06/13,森、道、市場 2021,遊園地編 - 遊園地 STAGE at 森、道、市場2021会場 [ラグーナビーチ / ラグーナテンボス ラグナシア] (愛知県),https://www.livefans.jp/events/1307880,2021/06/13 | 森、道、市場 2021 @ 遊園地編 - 遊園地 STAGE at 森、道、市場2021会場 [ラグーナビーチ / ラグーナテンボス ラグナシア] (愛知県)
2021/06/06,リョクシャ化計画2021,福岡市民会館 (福岡県),https://www.livefans.jp/events/1302122,2021/06/06 | リョクシャ化計画2021 @ 福岡市民会館 (福岡県)
2021/06/05,FM802 MEET THE WORLD BEAT 2021,大阪城ホール (大阪府),https://www.livefans.jp/events/1316162,2021/06/05 | FM802 MEET THE WORLD BEAT 2021 @ 大阪城ホール (大阪府)
2021/05/29,リョクシャ化計画2021,レクザムホール 小ホール (香川県),https://www.livefans.jp/events/1302120,2021/05/29 | リョクシャ化計画2021 @ レクザムホール 小ホール (香川県)
2021/05/23,リョクシャ化計画2021,JMSアステールプラザ 大ホール (広島県),https://www.livefans.jp/events/1302119,2021/05/23 | リョクシャ化計画2021 @ JMSアステールプラザ 大ホール (広島県)
2021/05/20,奏でた音の行方 vol.5,オンラインライブ,https://www.livefans.jp/events/1317865,2021/05/20 | 奏でた音の行方 vol.5 @ オンラインライブ
2021/05/04,JAPAN JAM 2021,LOTUS STAGE at 千葉市蘇我スポーツ公園 (千葉県),https://www.livefans.jp/events/1303514,2021/05/04 | JAPAN JAM 2021 @ LOTUS STAGE at 千葉市蘇我スポーツ公園 (千葉県)
2021/03/28,OSAKA GIGANTIC MUSIC FESTIVAL 20→21 ジャイガ スピンオフイベント THE BONDS 2021,オリックス劇場 (大阪府),https://www.livefans.jp/events/1296343,2021/03/28 | OSAKA GIGANTIC MUSIC FESTIVAL 20→21 ジャイガ スピンオフイベント THE BONDS 2021 @ オリックス劇場 (大阪府)
2021/03/19,ミュージックステーション 春うた2時間SP,テレビ朝日 (東京都),https://www.livefans.jp/events/1302946,2021/03/19 | ミュージックステーション 春うた2時間SP @ テレビ朝日 (東京都)
2021/03/12,音×髭 ～THE FIRST NIIGATA LIMITED～,新潟テルサ (新潟県),https://www.livefans.jp/events/1287910,2021/03/12 | 音×髭 ～THE FIRST NIIGATA LIMITED～ @ 新潟テルサ (新潟県)
2021/02/23,uP!!! SPECIAL LIVE HOLIC extra vol.5 supported by SPACE SHOWER TV,USEN STUDIO COAST (東京都),https://www.livefans.jp/events/1292505,2021/02/23 | uP!!! SPECIAL LIVE HOLIC extra vol.5 supported by SPACE SHOWER TV @ USEN STUDIO COAST (東京都)
2021/02/08,ROOMIC FESTIVAL,オンラインライブ,https://www.livefans.jp/events/1294771,2021/02/08 | ROOMIC FESTIVAL @ オンラインライブ
2021/02/06,奏でた音の行方 vol.4 -結証-,オンラインライブ,https://www.livefans.jp/events/1293035,2021/02/06 | 奏でた音の行方 vol.4 -結証- @ オンラインライブ
2021/01/29,BARIYOKA ROCK 2021,福岡サンパレス (福岡県),https://www.livefans.jp/events/1279275,2021/01/29 | BARIYOKA ROCK 2021 @ 福岡サンパレス (福岡県)
2020/12/31,CDTVライブ ! ライブ ! 年越しスペシャル 2020→2021,TBSテレビ (東京都),https://www.livefans.jp/events/1286981,2020/12/31 | CDTVライブ ! ライブ ! 年越しスペシャル 2020→2021 @ TBSテレビ (東京都)
2020/12/20,MERRY ROCK PARADE 2020,MIRAGE STAGE at ポートメッセなごや (愛知県),https://www.livefans.jp/events/1273172,2020/12/20 | MERRY ROCK PARADE 2020 @ MIRAGE STAGE at ポートメッセなごや (愛知県)
2020/12/05,SINGALONG tour 2020 -last piece-,KT Zepp Yokohama (神奈川県),https://www.livefans.jp/events/1277116,2020/12/05 | SINGALONG tour 2020 -last piece- @ KT Zepp Yokohama (神奈川県)
2020/11/13,THE FIRST TAKE FES vol.2,オンラインライブ,https://www.livefans.jp/events/1278494,2020/11/13 | THE FIRST TAKE FES vol.2 @ オンラインライブ
2020/10/11,大阪文化芸術フェス presents OSAKA GENKi PARK,万博記念公園 (大阪府),https://www.livefans.jp/events/1267689,2020/10/11 | 大阪文化芸術フェス presents OSAKA GENKi PARK @ 万博記念公園 (大阪府)
2020/10/06,Dive/Connect,ZeppOnline,https://www.livefans.jp/events/1267522,2020/10/06 | Dive/Connect @ ZeppOnline
2020/09/19,いきものがかり結成20周年・BSフジ開局20周年記念 BSいきものがかり DIGITAL FES 2020 結成20周年だよ!! ～リモートでモットお祝いしまSHOW!!!～,オンラインライブ,https://www.livefans.jp/events/1264209,2020/09/19 | いきものがかり結成20周年・BSフジ開局20周年記念 BSいきものがかり DIGITAL FES 2020 結成20周年だよ!! ～リモートでモットお祝いしまSHOW!!!～ @ オンラインライブ
2020/09/06,MORNING RIVER SUMMIT 2020,大阪城野外音楽堂 (大阪府),https://www.livefans.jp/events/1265349,2020/09/06 | MORNING RIVER SUMMIT 2020 @ 大阪城野外音楽堂 (大阪府)
2020/08/25,FM802 Live pool ON LINE!!,Zepp Osaka Bayside (大阪府),https://www.livefans.jp/events/1229184,2020/08/25 | FM802 Live pool ON LINE!! @ Zepp Osaka Bayside (大阪府)
2020/07/28,LIVE HOLIC extra vol.4 -another edition-,オンラインライブ,https://www.livefans.jp/events/1259777,2020/07/28 | LIVE HOLIC extra vol.4 -another edition- @ オンラインライブ
2020/07/24,SINGALONG tour 2020 -夏を生きる-,オンラインライブ,https://www.livefans.jp/events/1262507,2020/07/24 | SINGALONG tour 2020 -夏を生きる- @ オンラインライブ
2020/07/20,LIVE YEAH!!! vol.2～家!!!で楽しむBIG STAGE～,オンラインライブ,https://www.livefans.jp/events/1259617,2020/07/20 | LIVE YEAH!!! vol.2～家!!!で楽しむBIG STAGE～ @ オンラインライブ
2020/06/28,Billboard JAPAN × TikTok Special Live Streaming,Billboard Live TOKYO (東京都),https://www.livefans.jp/events/1259736,2020/06/28 | Billboard JAPAN × TikTok Special Live Streaming @ Billboard Live TOKYO (東京都)
2020/01/08,ひめはじめ5,下北沢DaisyBar (東京都),https://www.livefans.jp/events/1214679,2020/01/08 | ひめはじめ5 @ 下北沢DaisyBar (東京都)
2019/12/31,COUNTDOWN JAPAN 19/20,COSMO STAGE at 幕張メッセ (千葉県),https://www.livefans.jp/events/1197737,2019/12/31 | COUNTDOWN JAPAN 19/20 @ COSMO STAGE at 幕張メッセ (千葉県)
2019/12/27,FM802 ROCK FESTIVAL RADIO CRAZY 2019,R-STAGE 4号館 at インテックス大阪 (大阪府),https://www.livefans.jp/events/1203483,2019/12/27 | FM802 ROCK FESTIVAL RADIO CRAZY 2019 @ R-STAGE 4号館 at インテックス大阪 (大阪府)
2019/12/22,MERRY ROCK PARADE 2019,NOEL STAGE at ポートメッセなごや (愛知県),https://www.livefans.jp/events/1190384,2019/12/22 | MERRY ROCK PARADE 2019 @ NOEL STAGE at ポートメッセなごや (愛知県)
2019/12/08,リョクシャ化計画2019,昭和女子大学 人見記念講堂 (東京都),https://www.livefans.jp/events/1136953,2019/12/08 | リョクシャ化計画2019 @ 昭和女子大学 人見記念講堂 (東京都)
2019/12/06,リョクシャ化計画2019,NHK大阪ホール (大阪府),https://www.livefans.jp/events/1136952,2019/12/06 | リョクシャ化計画2019 @ NHK大阪ホール (大阪府)
2019/11/30,リョクシャ化計画2019,名古屋市公会堂 大ホール (愛知県),https://www.livefans.jp/events/1136951,2019/11/30 | リョクシャ化計画2019 @ 名古屋市公会堂 大ホール (愛知県)
2019/11/24,リョクシャ化計画2019,福岡DRUM LOGOS (福岡県),https://www.livefans.jp/events/1136950,2019/11/24 | リョクシャ化計画2019 @ 福岡DRUM LOGOS (福岡県)
2019/11/22,リョクシャ化計画2019,広島CLUB QUATTRO (広島県),https://www.livefans.jp/events/1136949,2019/11/22 | リョクシャ化計画2019 @ 広島CLUB QUATTRO (広島県)
2019/11/17,リョクシャ化計画2019,札幌PENNY LANE 24 (北海道),https://www.livefans.jp/events/1136948,2019/11/17 | リョクシャ化計画2019 @ 札幌PENNY LANE 24 (北海道)
2019/11/15,リョクシャ化計画2019,高松MONSTER (香川県),https://www.livefans.jp/events/1136947,2019/11/15 | リョクシャ化計画2019 @ 高松MONSTER (香川県)
2019/11/09,リョクシャ化計画2019,GOLDEN PIGS RED STAGE (新潟県),https://www.livefans.jp/events/1136946,2019/11/09 | リョクシャ化計画2019 @ GOLDEN PIGS RED STAGE (新潟県)
2019/11/08,リョクシャ化計画2019,仙台Rensa (宮城県),https://www.livefans.jp/events/1136945,2019/11/08 | リョクシャ化計画2019 @ 仙台Rensa (宮城県)
2019/10/20,"広島FM ""MEET the RADIO"" 大窪シゲキの9ジラジ in 福山平成大学御幸祭",福山平成大学 御幸祭メインステージ (広島県),https://www.livefans.jp/events/1175722,"2019/10/20 | 広島FM ""MEET the RADIO"" 大窪シゲキの9ジラジ in 福山平成大学御幸祭 @ 福山平成大学 御幸祭メインステージ (広島県)"
2019/10/14,uP!!!SPECIAL LIVE HOLIC vol.25 supported by SPACE SHOWER TV,KYOTO MUSE (京都府),https://www.livefans.jp/events/1164888,2019/10/14 | uP!!!SPECIAL LIVE HOLIC vol.25 supported by SPACE SHOWER TV @ KYOTO MUSE (京都府)
2019/09/16,SHE'S UNION Tour 2019,熊本B.9 V1 (熊本県),https://www.livefans.jp/events/1139331,2019/09/16 | SHE'S UNION Tour 2019 @ 熊本B.9 V1 (熊本県)
2019/09/15,SHE'S UNION Tour 2019,鹿児島SR HALL (鹿児島県),https://www.livefans.jp/events/1139329,2019/09/15 | SHE'S UNION Tour 2019 @ 鹿児島SR HALL (鹿児島県)
2019/09/06,SUPER JUMPIN'JACK vol.2,BIGCAT (大阪府),https://www.livefans.jp/events/1145850,2019/09/06 | SUPER JUMPIN'JACK vol.2 @ BIGCAT (大阪府)
2019/08/25,MONSTER baSH 2019,MONSTERcircus+(プラス) at 国営讃岐まんのう公園内 芝生広場 (香川県),https://www.livefans.jp/events/1114408,2019/08/25 | MONSTER baSH 2019 @ MONSTERcircus+(プラス) at 国営讃岐まんのう公園内 芝生広場 (香川県)
2019/08/23,WILD BUNCH FEST. 2019,Alley oop at 山口きらら博記念公園 (山口県),https://www.livefans.jp/events/1116221,2019/08/23 | WILD BUNCH FEST. 2019 @ Alley oop at 山口きらら博記念公園 (山口県)
2019/08/17,RISING SUN ROCK FESTIVAL 2019 in EZO,EARTH TENT at 石狩湾新港樽川ふ頭横野外特設ステージ (北海道),https://www.livefans.jp/events/1156111,2019/08/17 | RISING SUN ROCK FESTIVAL 2019 in EZO @ EARTH TENT at 石狩湾新港樽川ふ頭横野外特設ステージ (北海道)
2019/08/16,SUMMER SONIC 2019,MASSIVE STAGE at 舞洲スポーツアイランド (大阪府),https://www.livefans.jp/events/1109448,2019/08/16 | SUMMER SONIC 2019 @ MASSIVE STAGE at 舞洲スポーツアイランド (大阪府)
2019/08/12,TREASURE05X 2019 ～RISING RESOLUTION～,名古屋市公会堂 大ホール (愛知県),https://www.livefans.jp/events/1139909,2019/08/12 | TREASURE05X 2019 ～RISING RESOLUTION～ @ 名古屋市公会堂 大ホール (愛知県)
2019/08/10,ROCK IN JAPAN FESTIVAL 2019,SOUND OF FOREST at 国営ひたち海浜公園 (茨城県),https://www.livefans.jp/events/1128877,2019/08/10 | ROCK IN JAPAN FESTIVAL 2019 @ SOUND OF FOREST at 国営ひたち海浜公園 (茨城県)
2019/07/20,NUMBER SHOT 2019,のぼせもんSTAGE at 国営海の中道海浜公園 野外劇場 (福岡県),https://www.livefans.jp/events/1107930,2019/07/20 | NUMBER SHOT 2019 @ のぼせもんSTAGE at 国営海の中道海浜公園 野外劇場 (福岡県)
2019/07/15,未確認フェスティバル2019,THE BOTTOM LINE (愛知県),https://www.livefans.jp/events/1146544,2019/07/15 | 未確認フェスティバル2019 @ THE BOTTOM LINE (愛知県)
2019/07/13,音楽の日,TBSテレビ Bスタジオ (東京都),https://www.livefans.jp/events/1152131,2019/07/13 | 音楽の日 @ TBSテレビ Bスタジオ (東京都)
2019/07/06,そうだ!LOTSへ行こう!!,NIIGATA LOTS (新潟県),https://www.livefans.jp/events/1127363,2019/07/06 | そうだ!LOTSへ行こう!! @ NIIGATA LOTS (新潟県)
2019/07/04,GOOD KURU.#3,仙台Rensa (宮城県),https://www.livefans.jp/events/1101430,2019/07/04 | GOOD KURU.#3 @ 仙台Rensa (宮城県)
2019/06/14,緑黄色社会 presents 緑黄色夜祭 vol.9,恵比寿LIQUIDROOM (東京都),https://www.livefans.jp/events/1100790,2019/06/14 | 緑黄色社会 presents 緑黄色夜祭 vol.9 @ 恵比寿LIQUIDROOM (東京都)
2019/06/09,緑黄色社会 presents 緑黄色夜祭 vol.9,BIGCAT (大阪府),https://www.livefans.jp/events/1105970,2019/06/09 | 緑黄色社会 presents 緑黄色夜祭 vol.9 @ BIGCAT (大阪府)
2019/06/07,緑黄色社会 presents 緑黄色夜祭 vol.9,THE BOTTOM LINE (愛知県),https://www.livefans.jp/events/1100792,2019/06/07 | 緑黄色社会 presents 緑黄色夜祭 vol.9 @ THE BOTTOM LINE (愛知県)
2019/06/02,百万石音楽祭2019～ミリオンロックフェスティバル～,手取山ARENA(2号館) at 石川県産業展示館 1～4号館 (石川県),https://www.livefans.jp/events/1096609,2019/06/02 | 百万石音楽祭2019～ミリオンロックフェスティバル～ @ 手取山ARENA(2号館) at 石川県産業展示館 1～4号館 (石川県)
2019/05/25,TOKYO METROPOLITAN ROCK FESTIVAL 2019,NEW BEAT SQUARE at 若洲公園 (東京都),https://www.livefans.jp/events/1083784,2019/05/25 | TOKYO METROPOLITAN ROCK FESTIVAL 2019 @ NEW BEAT SQUARE at 若洲公園 (東京都)
2019/04/27,ARABAKI ROCK FEST.19,TSUGARU at エコキャンプみちのく (宮城県),https://www.livefans.jp/events/1062581,2019/04/27 | ARABAKI ROCK FEST.19 @ TSUGARU at エコキャンプみちのく (宮城県)
2019/04/13,Don't Stop Music Fes. TOCHIGI 2019,メインステージ at 栃木市栃木文化会館 (栃木県),https://www.livefans.jp/events/1096046,2019/04/13 | Don't Stop Music Fes. TOCHIGI 2019 @ メインステージ at 栃木市栃木文化会館 (栃木県)
2019/04/02,BIGCAT 20th presents Special 3MAN LIVE 「GET SET GO!!」,BIGCAT (大阪府),https://www.livefans.jp/events/1100347,2019/04/02 | BIGCAT 20th presents Special 3MAN LIVE 「GET SET GO!!」 @ BIGCAT (大阪府)
2019/03/28,ZIP! 春フェス2019,TOKYO DOME CITY HALL (東京都),https://www.livefans.jp/events/1086933,2019/03/28 | ZIP! 春フェス2019 @ TOKYO DOME CITY HALL (東京都)
2019/03/23,SANUKI ROCK COLOSSEUM 2019 -MONSTER baSH × I RADIO786-,festhalle at SANUKI ROCK COLOSSEUM 2019 -MONSTER baSH × I RADIO786-会場 [高松festhalle / 高松Olive Hall / 高松DIME / 高松MONSTER / 高松SUMUS cafe / 瓦町駅前地下広場 / 786FM香川ステージ] (香川県),https://www.livefans.jp/events/1074470,2019/03/23 | SANUKI ROCK COLOSSEUM 2019 -MONSTER baSH × I RADIO786- @ festhalle at SANUKI ROCK COLOSSEUM 2019 -MONSTER baSH × I RADIO786-会場 [高松festhalle / 高松Olive Hall / 高松DIME / 高松MONSTER / 高松SUMUS cafe / 瓦町駅前地下広場 / 786FM香川ステージ] (香川県)
2019/03/16,@FM presents「STAND UP!」,ell. FITSALL (愛知県),https://www.livefans.jp/events/1099483,2019/03/16 | @FM presents「STAND UP!」 @ ell. FITSALL (愛知県)
2019/03/09,MOSHIFES.2019,BARKUP FUKUOKA (福岡県),https://www.livefans.jp/events/1067815,2019/03/09 | MOSHIFES.2019 @ BARKUP FUKUOKA (福岡県)
2019/01/24,日本工学院ミュージックカレッジ presents #l4l (エル フォー エル),TSUTAYA O-EAST (東京都),https://www.livefans.jp/events/1065341,2019/01/24 | 日本工学院ミュージックカレッジ presents #l4l (エル フォー エル) @ TSUTAYA O-EAST (東京都)
2018/12/31,CDTVスペシャル!年越しプレミアライブ2018→2019,TBSテレビ (東京都),https://www.livefans.jp/events/1067286,2018/12/31 | CDTVスペシャル!年越しプレミアライブ2018→2019 @ TBSテレビ (東京都)
2018/12/31,COUNTDOWN JAPAN 18/19,ASTRO ARENA at 幕張メッセ (千葉県),https://www.livefans.jp/events/1049494,2018/12/31 | COUNTDOWN JAPAN 18/19 @ ASTRO ARENA at 幕張メッセ (千葉県)
2018/12/27,FM802 ROCK FESTIVAL RADIO CRAZY 2018,LIVE HOUSE Antenna at インテックス大阪 (大阪府),https://www.livefans.jp/events/1058505,2018/12/27 | FM802 ROCK FESTIVAL RADIO CRAZY 2018 @ LIVE HOUSE Antenna at インテックス大阪 (大阪府)
2018/12/24,MERRY ROCK PARADE 2018,NOEL STAGE at ポートメッセなごや (愛知県),https://www.livefans.jp/events/1044517,2018/12/24 | MERRY ROCK PARADE 2018 @ NOEL STAGE at ポートメッセなごや (愛知県)
2018/12/21,ワンマンツアー「溢れた音の行方」,マイナビBLITZ赤坂 (東京都),https://www.livefans.jp/events/1019345,2018/12/21 | ワンマンツアー「溢れた音の行方」 @ マイナビBLITZ赤坂 (東京都)
2018/12/15,ワンマンツアー「溢れた音の行方」,cube garden (北海道),https://www.livefans.jp/events/1019344,2018/12/15 | ワンマンツアー「溢れた音の行方」 @ cube garden (北海道)
2018/12/08,ワンマンツアー「溢れた音の行方」,BIGCAT (大阪府),https://www.livefans.jp/events/1019343,2018/12/08 | ワンマンツアー「溢れた音の行方」 @ BIGCAT (大阪府)
2018/12/01,ワンマンツアー「溢れた音の行方」,広島CAVE-BE (広島県),https://www.livefans.jp/events/1019342,2018/12/01 | ワンマンツアー「溢れた音の行方」 @ 広島CAVE-BE (広島県)
2018/11/30,ワンマンツアー「溢れた音の行方」,福岡DRUM Be-1 (福岡県),https://www.livefans.jp/events/1019341,2018/11/30 | ワンマンツアー「溢れた音の行方」 @ 福岡DRUM Be-1 (福岡県)
2018/11/24,ワンマンツアー「溢れた音の行方」,Diamond Hall (愛知県),https://www.livefans.jp/events/1019340,2018/11/24 | ワンマンツアー「溢れた音の行方」 @ Diamond Hall (愛知県)
2018/11/22,ワンマンツアー「溢れた音の行方」,仙台CLUB JUNK BOX (宮城県),https://www.livefans.jp/events/1019339,2018/11/22 | ワンマンツアー「溢れた音の行方」 @ 仙台CLUB JUNK BOX (宮城県)
2018/11/11,「溢れた水の行方」発売記念イベント,TOWER RECORDS渋谷 B1F CUTUP STUDIO (東京都),https://www.livefans.jp/events/1061359,2018/11/11 | 「溢れた水の行方」発売記念イベント @ TOWER RECORDS渋谷 B1F CUTUP STUDIO (東京都)
2018/11/07,「溢れた水の行方」発売記念イベント,名古屋PARCO 西館 1Fエントランス (愛知県),https://www.livefans.jp/events/1050447,2018/11/07 | 「溢れた水の行方」発売記念イベント @ 名古屋PARCO 西館 1Fエントランス (愛知県)
2018/11/04,第4回愛大名古屋ささしま祭,愛知大学 名古屋キャンパス キャンパスモールステージ (愛知県),https://www.livefans.jp/events/1044823,2018/11/04 | 第4回愛大名古屋ささしま祭 @ 愛知大学 名古屋キャンパス キャンパスモールステージ (愛知県)
2018/11/03,日本大学商学部 第48回砧祭 「KEYTALK×緑黄色社会 秋の緑黄色大収穫祭～砧祭でshall we dance?～」,日本大学 商学部キャンパス 100周年記念体育館 アリーナ (東京都),https://www.livefans.jp/events/1024972,2018/11/03 | 日本大学商学部 第48回砧祭 「KEYTALK×緑黄色社会 秋の緑黄色大収穫祭～砧祭でshall we dance?～」 @ 日本大学 商学部キャンパス 100周年記念体育館 アリーナ (東京都)
2018/11/01,チュートリアルの徳ダネ福キタル♪SPECIAL LIVE Vol.7,Zepp Tokyo (東京都),https://www.livefans.jp/events/1031469,2018/11/01 | チュートリアルの徳ダネ福キタル♪SPECIAL LIVE Vol.7 @ Zepp Tokyo (東京都)
2018/10/20,岐阜薬科大学 薬大祭,岐阜薬科大学 三田洞キャンパス 体育館 (岐阜県),https://www.livefans.jp/events/1002272,2018/10/20 | 岐阜薬科大学 薬大祭 @ 岐阜薬科大学 三田洞キャンパス 体育館 (岐阜県)
2018/10/08,緑黄色社会主催対バン企画「緑黄色夜祭 vol.8」,THE BOTTOM LINE (愛知県),https://www.livefans.jp/events/951240,2018/10/08 | 緑黄色社会主催対バン企画「緑黄色夜祭 vol.8」 @ THE BOTTOM LINE (愛知県)
2018/10/05,緑黄色社会主催対バン企画「緑黄色夜祭 vol.8」,恵比寿LIQUIDROOM (東京都),https://www.livefans.jp/events/951238,2018/10/05 | 緑黄色社会主催対バン企画「緑黄色夜祭 vol.8」 @ 恵比寿LIQUIDROOM (東京都)
2018/08/21,めざましサマーライブ 2018,THE ODAIBA マイナビステージ (東京都),https://www.livefans.jp/events/995444,2018/08/21 | めざましサマーライブ 2018 @ THE ODAIBA マイナビステージ (東京都)
2018/08/17,TREASURE05X 2018 ～DAZZLING DIAMONDS～,Diamond Hall (愛知県),https://www.livefans.jp/events/967169,2018/08/17 | TREASURE05X 2018 ～DAZZLING DIAMONDS～ @ Diamond Hall (愛知県)
2018/08/11,RISING SUN ROCK FESTIVAL 2018 in EZO,def garage at 石狩湾新港樽川ふ頭横野外特設ステージ (北海道),https://www.livefans.jp/events/945322,2018/08/11 | RISING SUN ROCK FESTIVAL 2018 in EZO @ def garage at 石狩湾新港樽川ふ頭横野外特設ステージ (北海道)
2018/08/05,ROCK IN JAPAN FESTIVAL 2018,BUZZ STAGE at 国営ひたち海浜公園 (茨城県),https://www.livefans.jp/events/970148,2018/08/05 | ROCK IN JAPAN FESTIVAL 2018 @ BUZZ STAGE at 国営ひたち海浜公園 (茨城県)
2018/08/04,安城七夕まつり,安城七夕まつり 願いごと広場ステージ (愛知県),https://www.livefans.jp/events/986170,2018/08/04 | 安城七夕まつり @ 安城七夕まつり 願いごと広場ステージ (愛知県)
2018/07/22,NUMBER SHOT 2018,どんたくSTAGE at 国営海の中道海浜公園 野外劇場 (福岡県),https://www.livefans.jp/events/924475,2018/07/22 | NUMBER SHOT 2018 @ どんたくSTAGE at 国営海の中道海浜公園 野外劇場 (福岡県)
2018/07/15,JAPAN'S NEXT 渋谷JACK 2018 SUMMER,duo MUSIC EXCHANGE at JAPAN'S NEXT 渋谷JACK 2018 SUMMER会場 [TSUTAYA O-EAST / TSUTAYA O-WEST / TSUTAYA O-Crest / TSUTAYA O-nest / duo MUSIC EXCHANGE / 渋谷7th FLOOR / clubasia] (東京都),https://www.livefans.jp/events/923637,2018/07/15 | JAPAN'S NEXT 渋谷JACK 2018 SUMMER @ duo MUSIC EXCHANGE at JAPAN'S NEXT 渋谷JACK 2018 SUMMER会場 [TSUTAYA O-EAST / TSUTAYA O-WEST / TSUTAYA O-Crest / TSUTAYA O-nest / duo MUSIC EXCHANGE / 渋谷7th FLOOR / clubasia] (東京都)
2018/07/01,MORNING RIVER SUMMIT 10 TH ANNIVERSARY SPECIAL!!,大阪城野外音楽堂 (大阪府),https://www.livefans.jp/events/935272,2018/07/01 | MORNING RIVER SUMMIT 10 TH ANNIVERSARY SPECIAL!! @ 大阪城野外音楽堂 (大阪府)
2018/06/03,SAKAE SP-RING 2018,DIAMOND HALL at SAKAE SP-RING 2018 会場 (愛知県),https://www.livefans.jp/events/952869,2018/06/03 | SAKAE SP-RING 2018 @ DIAMOND HALL at SAKAE SP-RING 2018 会場 (愛知県)
2018/05/30,高橋みなみのこれなに?フェス!!2018,TSUTAYA O-EAST (東京都),https://www.livefans.jp/events/949338,2018/05/30 | 高橋みなみのこれなに?フェス!!2018 @ TSUTAYA O-EAST (東京都)
2018/05/20,OSAKA METROPOLITAN ROCK FESTIVAL 2018,NEW BEAT SQUARE at 海とのふれあい広場 (大阪府),https://www.livefans.jp/events/906779,2018/05/20 | OSAKA METROPOLITAN ROCK FESTIVAL 2018 @ NEW BEAT SQUARE at 海とのふれあい広場 (大阪府)
2018/05/12,"緑黄色社会ライブツアー""リョクシャ化計画2018""",札幌COLONY (北海道),https://www.livefans.jp/events/886440,"2018/05/12 | 緑黄色社会ライブツアー""リョクシャ化計画2018"" @ 札幌COLONY (北海道)"
2018/05/06,"緑黄色社会ライブツアー""リョクシャ化計画2018""",渋谷CLUB QUATTRO (東京都),https://www.livefans.jp/events/886439,"2018/05/06 | 緑黄色社会ライブツアー""リョクシャ化計画2018"" @ 渋谷CLUB QUATTRO (東京都)"
2018/05/05,"緑黄色社会ライブツアー""リョクシャ化計画2018""",LIVE HOUSE enn 3rd (宮城県),https://www.livefans.jp/events/885293,"2018/05/05 | 緑黄色社会ライブツアー""リョクシャ化計画2018"" @ LIVE HOUSE enn 3rd (宮城県)"
2018/05/03,"緑黄色社会ライブツアー""リョクシャ化計画2018""",梅田CLUB QUATTRO (大阪府),https://www.livefans.jp/events/886438,"2018/05/03 | 緑黄色社会ライブツアー""リョクシャ化計画2018"" @ 梅田CLUB QUATTRO (大阪府)"
2018/04/30,"緑黄色社会ライブツアー""リョクシャ化計画2018""",名古屋CLUB QUATTRO (愛知県),https://www.livefans.jp/events/886437,"2018/04/30 | 緑黄色社会ライブツアー""リョクシャ化計画2018"" @ 名古屋CLUB QUATTRO (愛知県)"
2018/04/01,緑黄色社会1st full Album『緑黄色社会』発売記念リリースイベント,TOWER RECORDS渋谷 B1F CUTUP STUDIO (東京都),https://www.livefans.jp/events/931009,2018/04/01 | 緑黄色社会1st full Album『緑黄色社会』発売記念リリースイベント @ TOWER RECORDS渋谷 B1F CUTUP STUDIO (東京都)
2018/03/31,緑黄色社会1st full Album『緑黄色社会』発売記念リリースイベント,TOWER RECORDS仙台PARCO (宮城県),https://www.livefans.jp/events/931820,2018/03/31 | 緑黄色社会1st full Album『緑黄色社会』発売記念リリースイベント @ TOWER RECORDS仙台PARCO (宮城県)
2018/03/21,緑黄色社会1st full Album『緑黄色社会』発売記念リリースイベント,TOWER RECORDS横浜ビブレ (神奈川県),https://www.livefans.jp/events/932186,2018/03/21 | 緑黄色社会1st full Album『緑黄色社会』発売記念リリースイベント @ TOWER RECORDS横浜ビブレ (神奈川県)
2018/03/21,緑黄色社会1st full Album『緑黄色社会』発売記念リリースイベント,TOWER RECORDS新宿 (東京都),https://www.livefans.jp/events/932181,2018/03/21 | 緑黄色社会1st full Album『緑黄色社会』発売記念リリースイベント @ TOWER RECORDS新宿 (東京都)
2018/03/17,OTOEMON FESTA 2018,LIVE SQUARE 2nd LINE (大阪府),https://www.livefans.jp/events/903006,2018/03/17 | OTOEMON FESTA 2018 @ LIVE SQUARE 2nd LINE (大阪府)
2018/03/16,"1st album「未来世紀エキスポ」リリースツアー""極東パビリオン""",music zoo KOBE 太陽と虎 (兵庫県),https://www.livefans.jp/events/906055,"2018/03/16 | 1st album「未来世紀エキスポ」リリースツアー""極東パビリオン"" @ music zoo KOBE 太陽と虎 (兵庫県)"
2018/03/14,緑黄色社会1st full Album『緑黄色社会』発売記念リリースイベント,名古屋ビジュアルアーツ 5号館 (愛知県),https://www.livefans.jp/events/931014,2018/03/14 | 緑黄色社会1st full Album『緑黄色社会』発売記念リリースイベント @ 名古屋ビジュアルアーツ 5号館 (愛知県)
2018/03/07,SPICE×SPACE SHOWER TV presents「エスカミ Vol.1」,新代田FEVER (東京都),https://www.livefans.jp/events/908825,2018/03/07 | SPICE×SPACE SHOWER TV presents「エスカミ Vol.1」 @ 新代田FEVER (東京都)
2018/03/04,GIRLFRIEND% JAPAN TOUR 2018 ～CHOCOLATE～,SOUND SHOWER ark (静岡県),https://www.livefans.jp/events/903285,2018/03/04 | GIRLFRIEND% JAPAN TOUR 2018 ～CHOCOLATE～ @ SOUND SHOWER ark (静岡県)
2018/02/18,緑黄色夜祭 vol.7,Electric Lady Land (愛知県),https://www.livefans.jp/events/881447,2018/02/18 | 緑黄色夜祭 vol.7 @ Electric Lady Land (愛知県)
2018/02/16,Skream! × TOWER RECORDS × Eggs presents HAMMER EGG vol.8,shibuya eggman (東京都),https://www.livefans.jp/events/898201,2018/02/16 | Skream! × TOWER RECORDS × Eggs presents HAMMER EGG vol.8 @ shibuya eggman (東京都)
2017/12/21,ウソツキpresents ウソツカナイミュージックツアー2017,渋谷CLUB QUATTRO (東京都),https://www.livefans.jp/events/856644,2017/12/21 | ウソツキpresents ウソツカナイミュージックツアー2017 @ 渋谷CLUB QUATTRO (東京都)
2017/12/16,緑黄色社会 インストアライブ,イオンモール大高 グリーンコート (愛知県),https://www.livefans.jp/events/891248,2017/12/16 | 緑黄色社会 インストアライブ @ イオンモール大高 グリーンコート (愛知県)
2017/12/10,"緑黄色社会ワンマンツアー2017 ""東名阪さん Nice To Meet You??""",Electric Lady Land (愛知県),https://www.livefans.jp/events/798600,"2017/12/10 | 緑黄色社会ワンマンツアー2017 ""東名阪さん Nice To Meet You??"" @ Electric Lady Land (愛知県)"
2017/12/02,"緑黄色社会ワンマンツアー2017 ""東名阪さん Nice To Meet You??""",梅田Shangri-La (大阪府),https://www.livefans.jp/events/798599,"2017/12/02 | 緑黄色社会ワンマンツアー2017 ""東名阪さん Nice To Meet You??"" @ 梅田Shangri-La (大阪府)"
2017/11/28,Jumpin'jack Special 2017,なんばHatch (大阪府),https://www.livefans.jp/events/865202,2017/11/28 | Jumpin'jack Special 2017 @ なんばHatch (大阪府)
2017/11/23,"緑黄色社会ワンマンツアー2017 ""東名阪さん Nice To Meet You??""",TSUTAYA O-Crest (東京都),https://www.livefans.jp/events/798598,"2017/11/23 | 緑黄色社会ワンマンツアー2017 ""東名阪さん Nice To Meet You??"" @ TSUTAYA O-Crest (東京都)"
2017/11/20,RAINBOW press Vol.1,CLUB RIVERST (新潟県),https://www.livefans.jp/events/864477,2017/11/20 | RAINBOW press Vol.1 @ CLUB RIVERST (新潟県)
2017/10/21,姫路大学 第11回 のじぎく祭,姫路大学 野外特設ステージ (兵庫県),https://www.livefans.jp/events/866022,2017/10/21 | 姫路大学 第11回 のじぎく祭 @ 姫路大学 野外特設ステージ (兵庫県)
2017/10/17,"EDOGA-SULLIVANプレゼンツ ""Music Harvest festival"" ～渋谷の秋、音楽大収穫祭～",渋谷LUSH (東京都),https://www.livefans.jp/events/872328,"2017/10/17 | EDOGA-SULLIVANプレゼンツ ""Music Harvest festival"" ～渋谷の秋、音楽大収穫祭～ @ 渋谷LUSH (東京都)"
2017/10/09,5iVESTAR 2017 NAGOYA,ダイヤモンドホール at Diamond Hall (愛知県),https://www.livefans.jp/events/869999,2017/10/09 | 5iVESTAR 2017 NAGOYA @ ダイヤモンドホール at Diamond Hall (愛知県)
2017/10/09,MINAMI WHEEL 2017,BIG CAT at MINAMI WHEEL 2017会場 (大阪府),https://www.livefans.jp/events/841091,2017/10/09 | MINAMI WHEEL 2017 @ BIG CAT at MINAMI WHEEL 2017会場 (大阪府)
2017/10/08,"LAMP IN TERREN TOUR ""FOR TRUTH""",松本ALECX (長野県),https://www.livefans.jp/events/853592,"2017/10/08 | LAMP IN TERREN TOUR ""FOR TRUTH"" @ 松本ALECX (長野県)"
2017/10/01,MEGA☆ROCKS 2017,仙台CLUB JUNK BOX at MEGA☆ROCKS 2017会場 [仙台Rensa / 仙台darwin / 仙台CLUB JUNK BOX / 仙台MACANA / HooK SENDAI / LIVE HOUSE enn 2nd / LIVE HOUSE enn 3rd / 仙台Space Zero / HIGHBURY / TOWER RECORDS仙台パルコ] (宮城県),https://www.livefans.jp/events/850088,2017/10/01 | MEGA☆ROCKS 2017 @ 仙台CLUB JUNK BOX at MEGA☆ROCKS 2017会場 [仙台Rensa / 仙台darwin / 仙台CLUB JUNK BOX / 仙台MACANA / HooK SENDAI / LIVE HOUSE enn 2nd / LIVE HOUSE enn 3rd / 仙台Space Zero / HIGHBURY / TOWER RECORDS仙台パルコ] (宮城県)
2017/09/30,フジソニック2017,SOUNDSHOWER ark STAGE at 清水マリンパーク (静岡県),https://www.livefans.jp/events/856474,2017/09/30 | フジソニック2017 @ SOUNDSHOWER ark STAGE at 清水マリンパーク (静岡県)
2017/09/18,TOKYO CALLING 2017,Star Lounge at TOKYO CALLING 2017 渋谷会場 (東京都),https://www.livefans.jp/events/838478,2017/09/18 | TOKYO CALLING 2017 @ Star Lounge at TOKYO CALLING 2017 渋谷会場 (東京都)
2017/09/17,ビスケット・オリバvol.3,下北沢DaisyBar (東京都),https://www.livefans.jp/events/863204,2017/09/17 | ビスケット・オリバvol.3 @ 下北沢DaisyBar (東京都)
2017/09/14,2nd Mini Album「ADORE」発売記念インストアライブ,TOWER RECORDS渋谷 B1F CUTUP STUDIO (東京都),https://www.livefans.jp/events/886452,2017/09/14 | 2nd Mini Album「ADORE」発売記念インストアライブ @ TOWER RECORDS渋谷 B1F CUTUP STUDIO (東京都)
2017/09/10,Pondering Vol.4,Kieth Flack (福岡県),https://www.livefans.jp/events/860024,2017/09/10 | Pondering Vol.4 @ Kieth Flack (福岡県)
2017/09/04,"関取花 ""がっぷりよツアー""",池下CLUB UPSET (愛知県),https://www.livefans.jp/events/832875,"2017/09/04 | 関取花 ""がっぷりよツアー"" @ 池下CLUB UPSET (愛知県)"
2017/08/27,Education Rock ～Sixth Lesson～,仙台CLUB JUNK BOX (宮城県),https://www.livefans.jp/events/825713,2017/08/27 | Education Rock ～Sixth Lesson～ @ 仙台CLUB JUNK BOX (宮城県)
2017/08/27,緑黄色社会 インストアライブ緑黄色社会2ndMiniAlbum「ADORE」発売記念リリースイベント,TOWER RECORDS仙台PARCO (宮城県),https://www.livefans.jp/events/1762934,2017/08/27 | 緑黄色社会 インストアライブ緑黄色社会2ndMiniAlbum「ADORE」発売記念リリースイベント @ TOWER RECORDS仙台PARCO (宮城県)
2017/08/26,DISK GARAGE MUSIC MONSTERS -2017 summer-,TSUTAYA O-nest at DISK GARAGE MUSIC MONSTERS -2017 summer-会場 [TSUTAYA O-WEST / TSUTAYA O-nest / duo MUSIC EXCHANGE] (東京都),https://www.livefans.jp/events/831715,2017/08/26 | DISK GARAGE MUSIC MONSTERS -2017 summer- @ TSUTAYA O-nest at DISK GARAGE MUSIC MONSTERS -2017 summer-会場 [TSUTAYA O-WEST / TSUTAYA O-nest / duo MUSIC EXCHANGE] (東京都)
2017/08/20,TREASURE05X 2017 -BLOOMING SENCE-,名古屋CLUB QUATTRO (愛知県),https://www.livefans.jp/events/814223,2017/08/20 | TREASURE05X 2017 -BLOOMING SENCE- @ 名古屋CLUB QUATTRO (愛知県)
2017/08/19,MORNING RIVER SUMMIT 2017,大阪城野外音楽堂 (大阪府),https://www.livefans.jp/events/842283,2017/08/19 | MORNING RIVER SUMMIT 2017 @ 大阪城野外音楽堂 (大阪府)
2017/08/06,WEST GIGANTIC CITYLAND,SUPERNOVA STAGE at 舞洲スポーツアイランド (大阪府),https://www.livefans.jp/events/815173,2017/08/06 | WEST GIGANTIC CITYLAND @ SUPERNOVA STAGE at 舞洲スポーツアイランド (大阪府)
2017/07/31,嘘ノコシカケ 其ノ弐,下北沢ReG (東京都),https://www.livefans.jp/events/832691,2017/07/31 | 嘘ノコシカケ 其ノ弐 @ 下北沢ReG (東京都)
2017/07/21,UNIDOTS Presents「津々浦々 雲丹点々」,伏見JAMMIN' (愛知県),https://www.livefans.jp/events/828355,2017/07/21 | UNIDOTS Presents「津々浦々 雲丹点々」 @ 伏見JAMMIN' (愛知県)
2017/07/17,Newiee 02,shibuya eggman (東京都),https://www.livefans.jp/events/838989,2017/07/17 | Newiee 02 @ shibuya eggman (東京都)
2017/07/16,篠島フェス 2017,メインステージ at 篠島フェス 2017会場 [篠島芝生広場 / 篠島サンサンビーチ] (愛知県),https://www.livefans.jp/events/820777,2017/07/16 | 篠島フェス 2017 @ メインステージ at 篠島フェス 2017会場 [篠島芝生広場 / 篠島サンサンビーチ] (愛知県)
2017/06/22,W.O.O vol.2,SPACE ODD (東京都),https://www.livefans.jp/events/820150,2017/06/22 | W.O.O vol.2 @ SPACE ODD (東京都)
2017/06/10,WOOLY CARNIVAL2017,浜松MESCALIN DRIVE at WOOLY CARNIVAL2017会場 [浜松窓枠 / 浜松FORCE / 浜松MESCALIN DRIVE / G-SIDE / 浜松窓枠4Fマジミカ / 浜松KIRCHHERR] (静岡県),https://www.livefans.jp/events/799013,2017/06/10 | WOOLY CARNIVAL2017 @ 浜松MESCALIN DRIVE at WOOLY CARNIVAL2017会場 [浜松窓枠 / 浜松FORCE / 浜松MESCALIN DRIVE / G-SIDE / 浜松窓枠4Fマジミカ / 浜松KIRCHHERR] (静岡県)
2017/06/04,SAKAE SP-RING 2017,名古屋ReNY limited at SAKAE SP-RING 2017 会場 (愛知県),https://www.livefans.jp/events/799738,2017/06/04 | SAKAE SP-RING 2017 @ 名古屋ReNY limited at SAKAE SP-RING 2017 会場 (愛知県)
2017/05/18,セレクション vol.8 ～anemone～,札幌COLONY (北海道),https://www.livefans.jp/events/815000,2017/05/18 | セレクション vol.8 ～anemone～ @ 札幌COLONY (北海道)
2017/05/04,NIIGATA RAINBOW ROCK CIRCUIT 2017,SHOW CASE at NIIGATA RAINBOW ROCK 2017会場 (新潟県),https://www.livefans.jp/events/789272,2017/05/04 | NIIGATA RAINBOW ROCK CIRCUIT 2017 @ SHOW CASE at NIIGATA RAINBOW ROCK 2017会場 (新潟県)
2017/04/07,緑黄色社会 ワンマンライブ ～Nice To Meet You??～,ell. FITSALL (愛知県),https://www.livefans.jp/events/757869,2017/04/07 | 緑黄色社会 ワンマンライブ ～Nice To Meet You??～ @ ell. FITSALL (愛知県)
2017/03/20,Isn't it?,APOLLO BASE (愛知県),https://www.livefans.jp/events/790758,2017/03/20 | Isn't it? @ APOLLO BASE (愛知県)
2017/03/18,UNIDOTS presents 「生UNI定食」,shibuya eggman (東京都),https://www.livefans.jp/events/765735,2017/03/18 | UNIDOTS presents 「生UNI定食」 @ shibuya eggman (東京都)
2017/02/26,DISK GARAGE MUSIC MONSTERS -2017 winter-,duo MUSIC EXCHANGE at DISK GARAGE MUSIC MONSTERS -2017 winter-会場 [TSUTAYA O-EAST / TSUTAYA O-WEST / TSUTAYA O-Crest / TSUTAYA O-nest / duo MUSIC EXCHANGE] (東京都),https://www.livefans.jp/events/768337,2017/02/26 | DISK GARAGE MUSIC MONSTERS -2017 winter- @ duo MUSIC EXCHANGE at DISK GARAGE MUSIC MONSTERS -2017 winter-会場 [TSUTAYA O-EAST / TSUTAYA O-WEST / TSUTAYA O-Crest / TSUTAYA O-nest / duo MUSIC EXCHANGE] (東京都)
2017/02/16,GOODWARP Double A Side EPリリースツアー2017「ベラボーにブラボー!ツアー」,池下CLUB UPSET (愛知県),https://www.livefans.jp/events/751400,2017/02/16 | GOODWARP Double A Side EPリリースツアー2017「ベラボーにブラボー!ツアー」 @ 池下CLUB UPSET (愛知県)
2017/02/13,CONTACT!!003!,阿倍野ROCKTOWN (大阪府),https://www.livefans.jp/events/775228,2017/02/13 | CONTACT!!003! @ 阿倍野ROCKTOWN (大阪府)
2017/02/12,3ヶ月爆走なう!『クチフェスvol.2～ありがとう、さようなら、こんにちは!～』,LIVE SQUARE 2nd LINE (大阪府),https://www.livefans.jp/events/774901,2017/02/12 | 3ヶ月爆走なう!『クチフェスvol.2～ありがとう、さようなら、こんにちは!～』 @ LIVE SQUARE 2nd LINE (大阪府)
2017/02/06,フリージアとショコラ,TSUTAYA O-Crest (東京都),https://www.livefans.jp/events/772171,2017/02/06 | フリージアとショコラ @ TSUTAYA O-Crest (東京都)
2017/01/21,「Nice to meet you??」発売記念リリースイベント,TOWER RECORDS横浜ビブレ (神奈川県),https://www.livefans.jp/events/749792,2017/01/21 | 「Nice to meet you??」発売記念リリースイベント @ TOWER RECORDS横浜ビブレ (神奈川県)
2016/12/09,EDOGA-SULLIVAN TOUR 2016 - 僕たち私たちのトーキョー・ネイチャー - 大阪編,心斎橋CONPASS (大阪府),https://www.livefans.jp/events/742901,2016/12/09 | EDOGA-SULLIVAN TOUR 2016 - 僕たち私たちのトーキョー・ネイチャー - 大阪編 @ 心斎橋CONPASS (大阪府)
2016/11/29,fateful encounters,TSUTAYA O-Crest (東京都),https://www.livefans.jp/events/714849,2016/11/29 | fateful encounters @ TSUTAYA O-Crest (東京都)
2016/11/18,緑黄色夜祭,ell. FITSALL (愛知県),https://www.livefans.jp/events/714840,2016/11/18 | 緑黄色夜祭 @ ell. FITSALL (愛知県)
2016/10/28,「第7回、今を賑わすバンド会議。」,LIVE SQUARE 2nd LINE (大阪府),https://www.livefans.jp/events/709477,2016/10/28 | 「第7回、今を賑わすバンド会議。」 @ LIVE SQUARE 2nd LINE (大阪府)
2016/10/27,「NEXT STAR」,神戸VARIT. (兵庫県),https://www.livefans.jp/events/712072,2016/10/27 | 「NEXT STAR」 @ 神戸VARIT. (兵庫県)
2016/10/12,empty vol.242 -empty 10th Anniversary!!-,下北沢ERA (東京都),https://www.livefans.jp/events/713965,2016/10/12 | empty vol.242 -empty 10th Anniversary!!- @ 下北沢ERA (東京都)
2016/10/09,MINAMI WHEEL 2016,心斎橋Live House Pangea at MINAMI WHEEL 2016会場 (大阪府),https://www.livefans.jp/events/692463,2016/10/09 | MINAMI WHEEL 2016 @ 心斎橋Live House Pangea at MINAMI WHEEL 2016会場 (大阪府)
2016/09/05,MUSIC of AGES 2016,池下CLUB UPSET (愛知県),https://www.livefans.jp/events/687488,2016/09/05 | MUSIC of AGES 2016 @ 池下CLUB UPSET (愛知県)
2016/08/24,オトノハレンサvol.21,club Lizard YOKOHAMA (神奈川県),https://www.livefans.jp/events/695759,2016/08/24 | オトノハレンサvol.21 @ club Lizard YOKOHAMA (神奈川県)
2016/07/29,OS 07 in NAGOYA!,ell. FITSALL (愛知県),https://www.livefans.jp/events/649891,2016/07/29 | OS 07 in NAGOYA! @ ell. FITSALL (愛知県)
2016/07/18,篠島フェス 2016,CALM STAGE at 篠島フェス 2016会場 [篠島芝生広場 / 篠島サンサンビーチ] (愛知県),https://www.livefans.jp/events/675440,2016/07/18 | 篠島フェス 2016 @ CALM STAGE at 篠島フェス 2016会場 [篠島芝生広場 / 篠島サンサンビーチ] (愛知県)
2016/07/03,星羅×緑黄色社会 ツーマンライブ,spazio rita (愛知県),https://www.livefans.jp/events/672937,2016/07/03 | 星羅×緑黄色社会 ツーマンライブ @ spazio rita (愛知県)
2016/06/28,「サルベージ計画 vol.4」,LIVE SQUARE 2nd LINE (大阪府),https://www.livefans.jp/events/642934,2016/06/28 | 「サルベージ計画 vol.4」 @ LIVE SQUARE 2nd LINE (大阪府)
2016/06/22,nicoten×FOLKS tour「O2」,APOLLO BASE (愛知県),https://www.livefans.jp/events/667570,2016/06/22 | nicoten×FOLKS tour「O2」 @ APOLLO BASE (愛知県)
2016/06/05,SAKAE SP-RING 2016,名古屋CLUB QUATTRO at SAKAE SP-RING 2016 会場 (愛知県),https://www.livefans.jp/events/620332,2016/06/05 | SAKAE SP-RING 2016 @ 名古屋CLUB QUATTRO at SAKAE SP-RING 2016 会場 (愛知県)
2016/05/26,empty vol.233 ～ERA 14th Anniversary～,下北沢ERA (東京都),https://www.livefans.jp/events/653237,2016/05/26 | empty vol.233 ～ERA 14th Anniversary～ @ 下北沢ERA (東京都)
2016/05/12,"ファジーロジック ""名古屋LAST LIVE!!""",池下CLUB UPSET (愛知県),https://www.livefans.jp/events/639040,"2016/05/12 | ファジーロジック ""名古屋LAST LIVE!!"" @ 池下CLUB UPSET (愛知県)"
2016/04/21,Shinonome vol.4,APOLLO BASE (愛知県),https://www.livefans.jp/events/598956,2016/04/21 | Shinonome vol.4 @ APOLLO BASE (愛知県)
2016/03/25,presents by 緑黄色社会×ell.SIZE「緑黄色夜祭」,ell. SIZE (愛知県),https://www.livefans.jp/events/605315,2016/03/25 | presents by 緑黄色社会×ell.SIZE「緑黄色夜祭」 @ ell. SIZE (愛知県)
2016/03/18,ICHIBANGAI POOL,下北沢GARAGE (東京都),https://www.livefans.jp/events/619951,2016/03/18 | ICHIBANGAI POOL @ 下北沢GARAGE (東京都)
2016/01/23,一騎当千,APOLLO BASE (愛知県),https://www.livefans.jp/events/594271,2016/01/23 | 一騎当千 @ APOLLO BASE (愛知県)
2016/01/15,緑黄色夜祭,APOLLO BASE (愛知県),https://www.livefans.jp/events/562979,2016/01/15 | 緑黄色夜祭 @ APOLLO BASE (愛知県)
2015/12/10,緑黄色社会,ell. FITSALL (愛知県),https://www.livefans.jp/events/600141,2015/12/10 | 緑黄色社会 @ ell. FITSALL (愛知県)
2015/08/21,『音呼知真』#3,APOLLO BASE (愛知県),https://www.livefans.jp/events/527258,2015/08/21 | 『音呼知真』#3 @ APOLLO BASE (愛知県)
2015/04/25,"""Past,Present&Future""","APOLLO BASE at ""Past,Present&Future""会場 [Diamond Hall / APOLLO BASE] (愛知県)",https://www.livefans.jp/events/464269,"2015/04/25 | ""Past,Present&Future"" @ APOLLO BASE at ""Past,Present&Future""会場 [Diamond Hall / APOLLO BASE] (愛知県)"
2014/12/26,緑黄色社会,新宿Marble (東京都),https://www.livefans.jp/events/1775374,2014/12/26 | 緑黄色社会 @ 新宿Marble (東京都)
